matchId,date,patch,durationMin,champion,position,win,kills,deaths,assists,kda,cs,csPerMin,goldPerMin,dmgPerMin,teamDmgPct,killParticipation,visionPerMin,controlWards,soloKills,timeDeadSec,deadPct,laneMinions10,laneGoldExpAdv,earlyLaneAdv,maxCsAdvOpp,visionAdvOpp,goldDiff10,csDiff10,xpDiff10,goldDiff14,csDiff14,xpDiff14,firstTowerKilledTime,turretPlates,doubleKills,tripleKills,quadraKills,pentaKills,surrenderEnd,earlySurrender
NA1_5058699971,1721799438,14.14,25.6,Brand,BOTTOM,1,8,3,11,6.33,160,6.25,460.8,1481.3,24.4,39.6,0.95,2,1,105,6.8,59,1,1,34,0.4,1392,7,854,987,11,1278,856.0,3,2,0,0,0,0,0
NA1_5058755132,1721801408,14.14,26.4,Caitlyn,BOTTOM,1,10,7,15,3.57,157,5.95,493.8,912.7,16.9,41.7,0.53,1,1,120,7.6,48,0,0,5,0.08,-356,-16,-280,372,-9,146,714.0,1,2,0,0,0,1,0
NA1_5062398054,1721975128,14.14,25.7,Ashe,BOTTOM,1,9,4,13,5.5,209,8.14,502.6,1005.5,24.3,56.4,0.77,1,1,68,4.4,65,0,0,46,-0.14,879,10,588,320,10,712,893.0,2,1,0,0,0,0,0
NA1_5064098057,1722066918,14.14,47.1,Caitlyn,BOTTOM,0,16,11,15,2.82,333,7.06,495.5,1473.0,30.2,53.4,0.96,1,1,333,11.8,57,0,0,21.4,0.19,-1616,-7,3,-1702,-9,-147,888.0,1,3,0,0,0,0,0
NA1_5064140125,1722070359,14.14,27.2,Caitlyn,BOTTOM,1,7,5,10,3.4,200,7.36,482.2,731.9,18.1,47.2,0.97,2,0,114,7.0,68,0,0,20.0,0.0,322,1,296,1110,9,195,833.0,4,1,0,0,0,0,0
NA1_5065690599,1722154684,14.14,30.0,Caitlyn,BOTTOM,1,12,8,4,2,199,6.63,492.7,941.3,28.3,57.1,0.7,1,2,176,9.8,54,0,0,3,-0.21,201,6,123,-1902,-2,-945,0,0,1,0,0,0,0,0
NA1_5067088327,1722230457,14.14,27.6,Caitlyn,BOTTOM,1,13,6,6,3.17,184,6.65,532.6,1025.2,21.3,43.2,1.25,1,0,136,8.2,60,0,0,47.2,1.23,121,21,-43,1824,16,243,735.0,4,3,1,0,0,0,0
NA1_5067130597,1722232476,14.14,29.4,Caitlyn,BOTTOM,0,8,9,7,1.67,178,6.05,407.6,1083.9,21.0,40.5,0.69,1,0,263,14.9,58,0,0,26,0.42,800,12,68,712,19,314,0,3,2,0,0,0,0,0
NA1_5067179254,1722235082,14.14,24.4,Caitlyn,BOTTOM,1,7,5,12,3.8,162,6.64,455.9,796.2,15.4,41.3,0.63,1,0,138,9.4,54,1,0,21.0,-0.32,1382,-1,402,2123,5,1048,822.0,4,1,0,0,0,0,0
NA1_5068471188,1722318070,14.14,26.9,Caitlyn,BOTTOM,0,2,10,1,0.3,173,6.44,325.1,490.3,15.4,14.3,0.82,1,0,179,11.1,45,0,0,1,-0.03,-1911,-32,-1175,-2966,-42,-2093,0,0,0,0,0,0,0,0
NA1_5068506261,1722319964,14.14,24.6,Ashe,BOTTOM,0,1,8,1,0.25,156,6.33,297.3,402.6,16.8,13.3,0.7,1,0,183,12.4,34,0,0,4,0.15,-391,-21,-797,-527,-25,-661,0,0,0,0,0,0,0,0
NA1_5068565959,1722323626,14.14,30.5,Caitlyn,BOTTOM,0,2,10,5,0.7,189,6.2,333.7,410.4,11.8,33.3,1.03,1,0,245,13.4,62,0,0,17,0.78,-341,8,-154,-1033,-5,-573,927.0,0,0,0,0,0,0,0
NA1_5071006813,1722492016,14.15,30.5,Caitlyn,BOTTOM,1,8,3,6,4.67,179,5.88,415.8,860.2,20.7,41.2,0.59,2,0,48,2.6,52,0,0,4,-0.26,-326,-5,222,-281,-10,509,0,1,1,0,0,0,0,0
NA1_5071760686,1722558883,14.15,22.2,Ashe,BOTTOM,0,0,6,3,0.5,139,6.25,275.5,345.6,15.7,27.3,0.6,0,0,96,7.2,45,0,0,0,-0.14,-2074,-31,-534,-2280,-38,-226,0,0,0,0,0,0,1,0
NA1_5077227390,1722922165,14.15,28.1,Caitlyn,BOTTOM,1,15,2,6,10.5,191,6.79,515.5,1073.8,25.1,50.0,0.7,2,2,66,3.9,61,1,0,12,-0.19,700,6,351,994,11,1086,901.0,1,2,1,0,0,0,0
NA1_5077269583,1722924990,14.15,31.3,Caitlyn,BOTTOM,1,7,4,12,4.75,218,6.96,470.3,1054.3,30.2,54.3,0.81,1,0,154,8.2,59,0,0,14,0.7,141,-2,137,817,5,373,0,3,1,0,0,0,0,0
NA1_5078239860,1723003845,14.15,27.6,Caitlyn,BOTTOM,1,5,2,11,8,207,7.49,432.7,908.3,27.2,53.3,1.24,2,0,65,3.9,68,0,0,6.8,1.05,-912,-3,181,-769,-9,221,806.0,1,1,0,0,0,0,0
NA1_5078273710,1723005898,14.15,30.4,Caitlyn,BOTTOM,1,18,5,12,6,201,6.62,547.5,1651.1,32.6,65.2,0.8,2,1,115,6.3,60,0,0,39.8,1.06,47,8,153,659,13,798,0,3,3,0,0,0,0,0
NA1_5078329062,1723008653,14.15,26.0,Caitlyn,BOTTOM,1,10,3,8,6,166,6.38,473.1,901.9,23.0,47.4,0.54,2,1,70,4.5,50,0,0,0,-0.27,47,-13,-96,564,-8,184,925.0,3,1,0,0,0,0,0
NA1_5078364953,1723010974,14.15,27.7,Caitlyn,BOTTOM,0,3,8,1,0.5,196,7.08,373.0,610.3,23.5,30.8,0.69,1,0,161,9.7,55,0,0,27,-0.47,-10,0,175,-1195,9,-431,0,3,0,0,0,0,0,0
NA1_5082191959,1723342859,14.15,43.6,Caitlyn,BOTTOM,1,15,10,7,2.2,300,6.88,450.3,1007.7,22.3,37.9,0.65,1,1,331,12.7,51,0,0,0,-0.14,-874,-22,33,-318,-23,261,0,2,2,0,0,0,0,0
NA1_5082248459,1723346068,14.15,2.5,Jhin,BOTTOM,0,0,0,0,0,2,0.81,250.4,0,0,0,0.25,0,0,0,0.0,2,0,0,0,0,,,,,,,0,0,0,0,0,0,0,1
NA1_5082265057,1723346686,14.15,30.4,Caitlyn,BOTTOM,0,10,6,5,2.5,246,8.08,474.5,1147.1,33.2,60.0,0.71,1,0,147,8.1,69,0,0,58,-0.25,129,2,-149,1423,13,544,0,4,2,0,0,0,0,0
NA1_5082313930,1723348934,14.15,40.5,Caitlyn,BOTTOM,0,6,11,3,0.82,289,7.14,420.3,822.7,17.1,42.9,0.78,2,0,378,15.6,59,0,0,70.4,-0.13,128,7,-71,281,16,88,0,1,1,1,0,0,0,0
NA1_5083398575,1723434914,14.15,27.5,Caitlyn,BOTTOM,1,10,1,7,17,229,8.33,514.4,659.4,18.9,45.9,0.78,1,0,43,2.6,64,0,0,36,0.29,967,2,157,1255,29,879,946.0,2,2,0,0,0,0,0
NA1_5083452838,1723437580,14.15,20.0,Caitlyn,BOTTOM,0,0,3,0,0,152,7.61,297.5,421.2,22.9,0,0.57,0,0,55,4.6,56,0,0,7,-0.0,-727,0,206,-1101,5,181,0,0,0,0,0,0,1,0
NA1_5084402202,1723524117,14.15,37.9,Ashe,BOTTOM,0,5,7,11,2.29,258,6.81,388.0,617.3,16.4,51.6,0.63,1,1,258,11.4,60,0,1,31.2,0.39,511,2,338,104,7,586,0,0,1,0,0,0,0,0
NA1_5084448139,1723526933,14.15,23.3,Caitlyn,BOTTOM,0,2,6,3,0.83,168,7.21,333.7,413.5,15.8,33.3,0.75,1,0,118,8.4,59,0,0,6,1.34,-886,-7,-241,-913,-14,-464,0,1,0,0,0,0,1,0
NA1_5084476913,1723528901,14.15,43.4,Caitlyn,BOTTOM,0,5,12,5,0.83,289,6.66,376.8,861.9,19.6,29.4,0.51,0,2,391,15.0,64,0,0,24,0.46,-279,7,-522,-415,3,-169,974.0,0,0,0,0,0,1,0
NA1_5085360100,1723611918,14.15,29.9,Caitlyn,BOTTOM,1,2,2,2,2,232,7.76,373.2,268.7,9.7,14.8,0.89,1,0,70,3.9,60,0,0,0,0.25,-634,-19,-533,-1285,-33,-897,0,0,0,0,0,0,0,0
NA1_5085394926,1723614265,14.15,31.9,Caitlyn,BOTTOM,0,1,10,2,0.3,212,6.65,296.0,523.4,20.0,23.1,0.54,1,0,289,15.1,68,0,0,28,-0.52,-468,35,284,-1070,29,125,0,0,0,0,0,0,0,0
NA1_5086222576,1723696375,14.16,25.8,Caitlyn,BOTTOM,0,4,7,3,1,175,6.78,391.6,668.4,20.5,35.0,0.51,0,1,146,9.4,51,0,0,25,-0.18,-492,-6,337,-1342,0,-36,0,1,0,0,0,0,0,0
NA1_5088774823,1723942539,14.16,19.9,Caitlyn,BOTTOM,0,1,6,7,1.33,157,7.87,350.4,379.6,17.8,50.0,0.41,1,0,117,9.8,62,0,0,7,-0.22,-1083,4,-1097,-1821,6,-1193,0,1,0,0,0,0,1,0
NA1_5088799432,1723944190,14.16,27.4,Caitlyn,BOTTOM,0,4,9,1,0.56,182,6.63,352.6,501.9,15.8,35.7,1.0,2,0,210,12.8,61,0,0,19.6,8.38,-967,8,163,-1893,4,54,0,2,0,0,0,0,0,0
NA1_5088840777,1723946192,14.16,31.5,Caitlyn,BOTTOM,0,8,7,7,2.14,207,6.58,423.7,1050.5,27.0,45.5,0.47,0,0,184,9.7,59,0,0,5,-0.32,-1497,-9,-672,-2294,-31,-1226,619.0,1,1,1,0,0,0,0
NA1_5088881976,1723948564,14.16,39.5,Ashe,BOTTOM,0,6,12,21,2.25,230,5.82,378.1,906.9,16.0,56.2,0.82,0,0,422,17.8,56,0,0,8.8,0.37,-743,-18,-182,-1048,-28,-96,723.0,0,0,0,0,0,0,0
NA1_5089120293,1723962505,14.16,27.1,Jinx,BOTTOM,0,10,5,8,3.6,196,7.24,474.6,1092.4,27.7,58.1,0.85,1,0,116,7.1,50,0,0,3,0.56,-352,-26,-206,-1315,-39,-781,0,1,1,0,0,0,1,0
NA1_5089143734,1723964567,14.16,26.4,Jhin,BOTTOM,0,8,5,6,2.8,193,7.31,430.8,696.8,18.1,46.7,0.51,0,1,128,8.1,52,0,0,15.2,0.77,524,-8,-440,284,-19,-676,0,0,0,0,0,0,0,0
NA1_5091731023,1724221562,14.16,35.9,Kaisa,BOTTOM,0,8,8,6,1.75,256,7.13,414.5,804.5,19.2,38.9,0.65,0,1,290,13.5,51,0,0,0,-0.23,-590,-24,-482,-1169,-34,-551,0,1,0,0,0,0,1,0
NA1_5093586190,1724472554,14.16,24.5,Caitlyn,BOTTOM,0,0,5,1,0.2,179,7.3,330.3,426.5,17.5,8.3,0.66,1,0,97,6.6,64,0,0,17,-0.33,-489,5,-511,-418,6,-586,0,2,0,0,0,0,1,0
NA1_5093614025,1724474356,14.16,31.5,MissFortune,BOTTOM,0,9,13,12,1.62,190,6.04,425.9,1437.7,30.7,52.5,0.57,1,1,338,17.9,54,0,1,27,-0.01,163,14,667,-1142,7,568,807.0,2,1,0,0,0,1,0
NA1_5093645946,1724476742,14.16,30.7,Sivir,BOTTOM,0,3,10,5,0.8,203,6.62,374.1,633.0,17.1,29.6,0.66,0,1,274,14.9,58,0,1,60.2,-0.35,697,1,321,695,9,469,618.0,3,0,0,0,0,0,0
NA1_5093702473,1724482428,14.16,32.5,Caitlyn,BOTTOM,0,1,5,9,2,226,6.96,346.4,721.7,21.2,43.5,1.09,1,0,155,8.0,63,0,0,23,5.84,-657,6,-40,6,7,62,767.0,2,0,0,0,0,0,0
NA1_5093723489,1724485306,14.16,36.6,Varus,BOTTOM,1,6,10,5,1.1,269,7.36,411.3,706.2,17.0,36.7,0.68,2,0,313,14.3,74,0,0,38,0.39,577,33,642,569,23,295,802.0,2,1,0,0,0,0,0
NA1_5095738720,1724735221,14.16,19.5,Jhin,BOTTOM,0,0,4,0,0,144,7.38,295.7,252.8,13.9,0,0.55,1,0,104,8.9,53,0,0,10,-0.19,-677,-12,-294,-1508,-5,-145,0,0,0,0,0,0,1,0
NA1_5095754674,1724736763,14.16,20.3,Caitlyn,BOTTOM,1,7,3,2,3,147,7.24,457.3,612.0,27.1,45.0,0.57,0,0,44,3.6,57,0,0,19,-0.08,256,7,285,1315,9,833,894.0,1,0,0,0,0,1,0
NA1_5095775911,1724738317,14.16,34.9,Caitlyn,BOTTOM,1,12,1,6,18,369,10.56,598.0,1079.7,29.2,47.4,0.66,1,4,35,1.7,70,1,0,136.0,0.24,723,19,705,1335,33,1223,675.0,5,0,0,0,0,0,0
NA1_5095989740,1724785860,14.16,32.8,Ziggs,MIDDLE,1,9,5,11,4,200,6.1,399.7,879.7,24.4,55.6,0.81,1,3,200,10.2,54,0,0,32,0.53,1679,5,407,2008,11,793,0,3,0,0,0,0,0,0
NA1_5096658212,1724868427,14.17,35.1,MissFortune,BOTTOM,1,16,6,10,4.33,265,7.55,527.0,1297.7,28.8,52.0,1.1,2,0,172,8.2,50,0,0,61,0.62,657,-6,-76,804,6,-59,952.0,3,3,1,0,0,0,0
NA1_5096684632,1724871430,14.17,28.6,Nautilus,UTILITY,1,4,4,19,5.75,36,1.26,340.4,290.4,7.2,56.1,2.29,3,0,84,4.9,14,0,0,9.4,0.98,-151,-2,-753,555,2,-65,952.0,0,0,0,0,0,0,0
NA1_5096717146,1724873492,14.17,29.1,Caitlyn,BOTTOM,1,5,8,9,1.75,216,7.42,444.6,822.1,23.9,45.2,0.56,0,1,216,12.4,72,0,0,32,2.17,-463,4,-255,-581,4,-96,977.0,2,0,0,0,0,0,0
NA1_5096747922,1724875700,14.17,23.3,Jhin,BOTTOM,0,1,4,3,1,173,7.42,359.6,258.2,12.6,33.3,0.78,2,0,135,9.7,73,0,0,13,0.21,224,13,779,-370,-2,206,0,1,0,0,0,0,0,0
NA1_5098356299,1724991528,14.17,37.1,Caitlyn,BOTTOM,1,12,3,5,5.67,332,8.95,506.9,944.6,25.1,45.9,1.06,2,1,150,6.7,63,0,0,79.0,1.07,49,-4,-114,595,4,250,864.0,0,1,0,0,0,1,0
NA1_5103672516,1725424900,14.17,33.0,Jhin,BOTTOM,0,13,10,10,2.3,193,5.84,475.7,1010.4,26.9,62.2,0.58,2,1,238,12.0,38,0,0,8,1.74,-1840,-21,-1239,-1611,-26,-1574,941.0,0,1,0,0,0,0,0
NA1_5118891696,1727072026,14.18,28.0,Jhin,BOTTOM,0,2,7,6,1.14,190,6.79,368.2,307.1,11.8,47.1,1.05,1,0,171,10.2,55,0,0,21,0.48,-490,7,-336,-835,3,-1127,860.0,2,0,0,0,0,0,0
NA1_5133437330,1728946686,14.20,27.9,Jhin,BOTTOM,1,2,1,7,9,267,9.57,427.1,364.2,12.3,37.5,0.97,1,1,40,2.4,69,0,0,60.0,-0.14,615,12,96,921,34,39,853.0,1,0,0,0,0,1,0
NA1_5133461366,1728948845,14.20,28.3,Kaisa,BOTTOM,0,3,9,5,0.89,204,7.2,378.5,488.4,16.0,38.1,0.69,0,0,212,12.5,54,0,0,18,-0.08,-1072,7,6,-1795,-3,-303,0,0,0,0,0,0,0,0
NA1_5133484695,1728950980,14.20,28.5,Caitlyn,BOTTOM,1,4,7,17,3,211,7.41,459.2,1085.3,29.7,56.8,0.7,0,0,174,10.2,65,0,0,22,0.04,180,8,-96,296,14,-256,918.0,3,0,0,0,0,0,0
NA1_5133515313,1728953043,14.20,28.9,Caitlyn,BOTTOM,0,10,9,5,1.67,264,9.12,540.8,1218.5,34.4,53.6,0.8,0,0,242,13.9,63,0,0,48,0.98,413,9,389,-915,4,-606,0,1,2,0,0,0,0,0
NA1_5133545311,1728955208,14.20,30.2,Caitlyn,BOTTOM,1,7,6,5,2,216,7.16,428.7,652.0,19.2,38.7,0.93,1,1,141,7.8,60,0,0,14,0.24,-760,3,-306,-1559,-6,-963,0,0,1,0,0,0,0,0
NA1_5134514519,1729091643,14.20,15.5,Caitlyn,BOTTOM,1,3,6,1,0.67,78,5.04,321.9,505.3,18.6,16.7,0.95,2,0,112,12.1,52,0,0,3,0.68,-332,-14,-363,-297,-30,-1015,797.0,1,0,0,0,0,1,0
NA1_5134524132,1729093016,14.20,43.2,Caitlyn,BOTTOM,1,18,1,14,32,402,9.31,577.5,1564.6,35.3,72.7,1.31,2,1,60,2.3,58,1,0,116.6,1.23,370,-7,651,980,8,1597,894.0,1,4,2,0,0,0,0
NA1_5136270881,1729313942,14.20,24.1,Caitlyn,BOTTOM,1,6,5,2,1.6,160,6.63,427.8,625.5,17.6,27.6,0.74,1,1,138,9.5,61,0,0,3,-0.17,-1042,-15,-204,-1288,-16,-211,851.0,2,0,0,0,0,0,0
NA1_5136296738,1729315941,14.20,31.0,Kaisa,BOTTOM,1,21,5,13,6.8,243,7.83,582.9,1512.9,28.7,75.6,1.14,1,1,121,6.5,49,0,0,85.6,2.3,-276,11,436,408,17,1124,0,0,6,2,0,0,0,0
NA1_5136314710,1729318377,14.20,26.4,Caitlyn,BOTTOM,1,9,3,5,4.67,209,7.93,489.6,1056.3,27.0,42.4,0.82,0,2,54,3.4,59,0,0,19.2,0.55,-773,-8,-337,440,8,545,898.0,2,0,0,0,0,1,0
NA1_5136334725,1729320452,14.20,30.3,Caitlyn,BOTTOM,0,6,6,12,3,222,7.32,430.5,865.5,20.2,64.3,0.56,1,1,195,10.7,48,0,0,31.8,-0.24,-470,-6,45,-126,-9,529,863.0,3,0,0,0,0,0,0
NA1_5136977106,1729399688,14.20,28.1,Caitlyn,BOTTOM,0,3,8,1,0.5,214,7.6,352.6,726.3,27.3,26.7,0.61,1,0,199,11.8,60,0,0,11,-0.1,-348,-12,-188,-1339,-6,-517,658.0,1,1,0,0,0,0,0
NA1_5137006124,1729401912,14.20,37.8,Caitlyn,BOTTOM,1,8,4,6,3.5,266,7.05,474.7,1226.1,27.1,48.3,1.21,2,0,177,7.8,69,1,1,49,0.66,1009,28,629,1377,43,1481,0,2,1,0,0,0,1,0
NA1_5139635183,1729743714,14.21,24.2,Caitlyn,BOTTOM,0,1,7,3,0.57,184,7.59,353.1,515.5,19.8,30.8,0.62,0,0,111,7.6,49,0,0,2,0.43,-1850,-32,-988,-3743,-42,-1674,0,0,0,0,0,0,1,0
NA1_5139657769,1729745633,14.21,27.9,Kaisa,BOTTOM,1,3,0,5,8,257,9.22,419.5,586.2,17.7,29.6,1.05,1,0,0,0.0,66,0,0,27,0.18,-32,-10,141,-406,-22,-140,0,0,0,0,0,0,0,0
NA1_5143604599,1730268032,14.21,41.2,Kaisa,BOTTOM,0,5,9,6,1.22,333,8.08,405.2,533.3,19.6,44.0,0.72,0,0,271,11.0,51,0,0,98,-0.04,-192,6,-431,217,9,-183,0,2,0,0,0,0,0,0
NA1_5143627320,1730270856,14.21,28.7,Caitlyn,BOTTOM,0,2,6,1,0.5,198,6.89,365.2,517.6,15.1,21.4,0.45,0,1,155,9.0,42,0,0,0,-0.2,-1025,-37,-1032,-2153,-41,-1256,0,2,0,0,0,0,0,0
NA1_5146496763,1730677647,14.21,29.1,Caitlyn,BOTTOM,1,8,3,5,4.33,231,7.93,498.6,964.1,26.5,40.6,0.79,1,0,68,3.9,74,0,0,36,0.62,-106,17,333,975,32,641,765.0,5,1,0,0,0,0,0
NA1_5146529113,1730680384,14.21,30.4,Caitlyn,BOTTOM,0,9,9,4,1.44,193,6.34,379.7,946.6,24.3,40.6,0.91,0,0,262,14.3,59,0,0,14,0.33,487,6,2,-309,-9,-517,0,1,3,0,0,0,0,0
NA1_5146560947,1730682705,14.21,32.1,Ashe,BOTTOM,1,7,8,18,3.12,207,6.46,450.9,773.1,18.8,64.1,1.01,0,0,265,13.8,53,0,0,26.7,2.97,626,-12,403,172,-11,62,0,2,0,0,0,0,0,0
NA1_5151344512,1731268112,14.22,25.9,Caitlyn,BOTTOM,1,7,1,1,8,242,9.33,525.1,728.9,21.1,29.6,1.32,2,0,36,2.3,78,1,1,97,3.09,1155,46,1196,1665,59,1299,890.0,3,2,0,0,0,0,0
NA1_5151369355,1731270408,14.22,1.8,Caitlyn,BOTTOM,0,0,0,0,0,0,0.0,279.0,0,0,0,0,0,0,0,0.0,0,0,0,0,0,,,,,,,0,0,0,0,0,0,0,1
NA1_5151376660,1731271214,14.22,16.4,Caitlyn,BOTTOM,1,4,0,2,6,139,8.48,450.1,734.3,26.1,25.0,0.36,1,1,0,0.0,67,0,0,21,0.06,64,0,-351,237,3,-336,757.0,2,0,0,0,0,1,0
NA1_5151393590,1731272695,14.22,28.3,Caitlyn,BOTTOM,1,8,3,5,4.33,234,8.28,517.6,840.8,21.8,48.1,1.04,2,0,104,6.1,60,0,0,68,0.65,467,6,259,-191,7,-189,954.0,1,2,0,0,0,0,0
NA1_5151421055,1731274825,14.22,34.4,Caitlyn,BOTTOM,0,4,6,3,1.17,266,7.74,407.7,636.1,19.5,33.3,0.8,1,0,173,8.4,60,0,0,18,0.0,-1129,-11,-385,-1210,-3,-45,0,3,1,0,0,0,0,0
NA1_5152577490,1731387081,14.22,34.0,Ashe,BOTTOM,1,6,6,15,3.5,216,6.35,390.7,895.0,18.2,51.2,0.77,2,0,168,8.2,58,0,0,5,0.65,403,-13,-24,815,-9,561,0,1,0,0,0,0,0,0
NA1_5152618779,1731389753,14.22,28.6,Caitlyn,BOTTOM,1,6,4,7,3.25,204,7.14,452.0,902.4,25.1,46.4,0.48,0,1,120,7.0,60,0,0,22.0,0.1,-220,11,633,442,8,1173,771.0,3,0,0,0,0,0,0
NA1_5152646521,1731392104,14.22,22.8,Caitlyn,BOTTOM,1,7,4,4,2.75,147,6.46,423.1,726.4,21.9,42.3,0.66,1,0,107,7.8,73,0,0,8,0.27,69,-5,-492,-209,-4,-620,0,0,1,1,0,0,0,0
NA1_5154296522,1731624482,14.22,30.7,Ashe,BOTTOM,0,4,8,4,1,178,5.8,322.6,518.5,18.1,36.4,1.03,2,0,201,10.9,37,0,0,2,0.01,-872,-25,-286,-2420,-37,-522,0,0,0,0,0,0,1,0
NA1_5154984566,1731711051,14.22,34.9,Caitlyn,BOTTOM,0,12,5,4,3.2,303,8.69,475.7,1174.3,27.4,47.1,0.96,1,1,174,8.3,71,0,0,38.2,0.26,416,8,461,651,7,370,0,0,1,1,0,0,1,0
NA1_5156722366,1731898384,14.22,26.4,Jhin,BOTTOM,1,10,2,6,8,203,7.7,502.4,716.1,17.0,39.0,0.82,1,1,84,5.3,62,1,0,29.2,0.87,776,9,322,1624,16,1334,806.0,4,1,0,0,0,0,0
NA1_5156756705,1731900389,14.22,18.7,Caitlyn,BOTTOM,1,11,3,3,4.67,154,8.23,559.3,1028.0,33.5,50.0,0.53,0,1,55,4.9,58,0,0,63,0.38,2127,20,10,3321,38,819,741.0,5,1,0,0,0,1,0
NA1_5160314529,1732260053,14.23,33.3,Caitlyn,BOTTOM,0,8,8,3,1.38,254,7.63,438.8,683.6,17.7,39.3,0.7,2,0,269,13.5,75,1,0,44.8,0.06,613,24,834,1080,40,1354,858.0,3,1,0,0,0,0,0
NA1_5160342260,1732262491,14.23,33.4,Caitlyn,BOTTOM,1,3,3,5,2.67,283,8.47,432.7,600.4,15.6,29.6,0.83,2,0,114,5.7,75,0,0,50.0,0.68,136,7,-154,288,8,214,988.0,1,0,0,0,0,0,0
NA1_5161367525,1732346732,14.23,24.4,Caitlyn,BOTTOM,1,2,3,5,2.33,228,9.33,462.7,509.6,17.2,21.9,0.63,1,1,84,5.7,76,0,0,48.5,-0.27,649,18,487,324,27,383,0,4,0,0,0,0,0,0
NA1_5177711681,1733781496,14.23,28.6,Jhin,BOTTOM,1,8,2,8,8,215,7.53,465.8,665.0,24.9,61.5,0.58,1,3,60,3.5,69,0,0,28,-0.04,1137,20,345,1091,21,788,0,0,1,1,0,0,1,0
NA1_5178919163,1733895231,14.23,21.9,Caitlyn,BOTTOM,1,12,4,4,4,153,7.0,564.9,1205.5,29.2,48.5,0.96,2,4,87,6.6,74,1,0,48,2.94,-282,15,428,1463,30,1274,680.0,5,3,0,0,0,0,0
NA1_5178960911,1733898140,14.23,38.9,Caitlyn,BOTTOM,1,13,8,6,2.38,279,7.18,506.3,1606.1,32.8,59.4,1.07,1,3,305,13.1,56,0,0,16.4,0.84,1068,12,329,205,8,-138,859.0,3,2,0,0,0,0,0
NA1_5179524634,1733968375,14.24,35.6,Jhin,BOTTOM,1,17,3,11,9.33,250,7.02,508.0,1228.5,23.2,56.0,0.97,2,2,139,6.5,69,1,1,30.5,0.79,1485,19,704,2338,26,964,748.0,2,3,1,0,0,0,0
NA1_5179588355,1733971849,14.24,26.6,Brand,MIDDLE,0,1,5,6,1.4,219,8.22,344.7,552.8,21.1,58.3,0.89,1,1,165,10.3,86,0,0,27,-0.17,-252,20,-60,-364,17,-516,0,1,0,0,0,0,0,0
NA1_5179712068,1733978319,14.24,1.8,Caitlyn,BOTTOM,1,0,0,0,0,0,0.0,273.1,133.3,31.1,0,0.64,0,0,0,0.0,0,0,0,0,0,,,,,,,0,0,0,0,0,0,0,1
NA1_5179726128,1733979058,14.24,29.5,Caitlyn,BOTTOM,0,5,9,5,1.11,220,7.45,397.9,726.6,21.2,50.0,0.99,2,1,249,14.1,62,0,0,8,0.07,-381,-10,-1225,108,-1,-269,0,2,0,0,0,0,0,0
NA1_5179761601,1733981299,14.24,31.9,Caitlyn,BOTTOM,1,11,3,5,5.33,214,6.71,506.0,1066.8,27.3,43.2,0.51,0,1,122,6.4,82,0,1,26,0.24,1205,15,448,1731,10,713,860.0,2,0,0,0,0,0,0
NA1_5179798046,1733983642,14.24,32.5,Ashe,BOTTOM,0,4,9,4,0.89,216,6.65,355.7,720.0,14.1,28.6,0.69,0,2,301,15.5,62,0,0,20,1.55,-570,-8,780,100,-8,1622,900.0,1,0,0,0,0,1,0
NA1_5179831891,1733985931,14.24,16.1,Caitlyn,BOTTOM,1,1,1,5,6,152,9.42,406.4,643.9,23.8,27.3,0.56,1,0,20,2.1,64,1,0,60,0.27,416,25,805,1286,50,1820,924.0,2,0,0,0,0,1,0
NA1_5179864846,1733988884,14.24,27.6,Caitlyn,MIDDLE,1,8,6,5,2.17,221,7.99,464.7,652.0,17.4,31.7,1.04,1,2,181,10.9,77,0,0,12.0,0.87,62,4,409,-254,-9,198,813.0,2,1,0,0,0,0,0
NA1_5179888821,1733991546,14.24,33.4,Jhin,BOTTOM,1,6,4,13,4.75,228,6.83,438.6,543.2,16.3,54.3,0.85,0,0,93,4.6,57,0,0,4,0.25,-909,-17,-79,-1364,-24,-316,0,0,1,0,0,0,0,0
NA1_5187030772,1734725430,14.24,30.1,Caitlyn,BOTTOM,1,12,6,10,3.67,214,7.12,487.3,984.4,22.6,56.4,0.95,2,1,167,9.3,66,0,0,46,0.71,-655,3,-11,-1495,5,5,915.0,0,3,1,0,0,0,0
NA1_5187056761,1734727848,14.24,19.6,Ashe,BOTTOM,0,2,5,1,0.6,124,6.31,305.6,534.3,21.6,16.7,0.69,1,0,82,7.0,61,0,0,7,0.9,-342,-5,-135,-1580,-26,-1168,0,0,0,0,0,0,1,0
NA1_5195356631,1735611152,14.24,16.9,Caitlyn,BOTTOM,0,2,5,2,0.8,106,6.29,328.0,384.6,23.3,66.7,0.51,1,2,73,7.2,57,0,0,12,0.19,-1113,-6,-496,-1569,-27,-579,0,0,0,0,0,0,1,0
NA1_5201669512,1736306817,14.24,21.4,Caitlyn,BOTTOM,0,3,4,0,0.75,168,7.85,379.6,364.5,23.0,33.3,0.65,1,2,80,6.2,61,0,0,13,0.14,168,-13,677,-70,-13,572,0,0,1,0,0,0,0,0
NA1_5201843083,1736319197,14.24,27.6,Caitlyn,BOTTOM,0,7,8,5,1.5,175,6.34,434.4,548.5,18.7,42.9,0.67,0,1,178,10.7,47,0,0,5,-0.23,-480,-19,-387,-1324,-32,-427,636.0,1,1,0,0,0,0,0
NA1_5202528651,1736403082,14.24,16.5,Jhin,BOTTOM,1,6,4,7,3.25,100,6.06,466.2,748.9,24.4,52.0,0.58,1,0,73,7.4,46,0,0,27,-0.04,1613,4,-336,2328,15,-425,836.0,5,1,0,0,0,1,0
NA1_5202559466,1736405959,14.24,28.3,Caitlyn,BOTTOM,1,7,7,5,1.71,177,6.25,420.4,787.1,23.7,35.3,0.72,2,0,204,12.0,43,0,0,5,0.06,-155,-18,-325,-587,-20,-559,845.0,3,0,0,0,0,0,0
NA1_5202584943,1736408519,14.24,31.8,Caitlyn,BOTTOM,1,9,9,11,2.22,251,7.88,503.0,1037.3,22.5,50.0,1.08,0,1,270,14.1,63,0,0,49.0,0.73,672,18,413,1633,31,446,0,2,1,0,0,0,0,0
NA1_5204695881,1736648227,15.1,28.0,Caitlyn,MIDDLE,0,4,10,10,1.4,174,6.21,368.8,631.8,19.6,45.2,0.71,0,0,297,17.7,61,0,0,1,0.02,-1171,-22,-874,-2673,-29,-1783,862.0,0,0,0,0,0,0,0
NA1_5205761348,1736748201,15.1,28.8,Jhin,BOTTOM,1,14,7,6,2.86,161,5.59,530.0,626.0,13.7,40.8,1.06,2,3,139,8.0,49,0,0,5,0.7,-1425,-3,48,-1861,-23,59,893.0,0,4,1,0,0,0,0
NA1_5205793435,1736751227,15.1,32.1,Caitlyn,BOTTOM,0,7,11,5,1.09,205,6.39,403.6,647.9,20.2,44.4,0.8,2,1,409,21.2,73,0,0,20,0.56,613,21,25,584,7,-367,892.0,1,0,0,0,0,0,0
NA1_5206507815,1736838996,15.1,31.2,Caitlyn,BOTTOM,0,7,8,4,1.38,186,5.96,401.4,866.9,27.2,44.0,0.55,0,0,253,13.5,56,0,0,11,-0.01,94,10,33,669,21,-74,0,3,0,0,0,0,0,0
NA1_5206520730,1736841174,15.1,27.4,Caitlyn,BOTTOM,0,3,5,4,1.4,228,8.33,425.0,560.2,17.5,31.8,0.73,1,1,116,7.1,58,0,0,46.8,0.02,165,11,254,-258,23,-169,0,5,0,0,0,0,1,0
NA1_5207193557,1736925880,15.1,29.4,Varus,BOTTOM,0,6,11,14,1.82,176,5.99,415.3,590.2,16.6,57.1,0.69,2,0,382,21.7,66,0,0,44,-0.19,552,26,1022,-774,37,875,911.0,0,2,0,0,0,0,0
NA1_5209947264,1737265559,15.1,25.6,Caitlyn,BOTTOM,1,8,4,5,3.25,156,6.09,432.4,736.0,21.6,44.8,0.49,0,1,87,5.7,53,0,0,1,0.57,-708,-18,21,-1208,-25,-255,0,0,0,0,0,0,1,0
NA1_5209975057,1737267407,15.1,25.3,Caitlyn,BOTTOM,1,6,4,3,2.25,198,7.82,466.5,867.7,19.7,30.0,0.78,1,0,111,7.3,76,0,0,32,0.03,809,20,-124,1130,18,-57,645.0,3,1,0,0,0,0,0
NA1_5210011866,1737270461,15.1,24.1,Caitlyn,BOTTOM,1,4,2,4,4,200,8.29,440.1,673.6,18.9,26.7,0.75,1,0,41,2.8,69,0,0,27,0.16,5,21,76,-72,18,-557,771.0,4,1,0,0,0,0,0
NA1_5210035217,1737272681,15.1,1.7,Caitlyn,BOTTOM,0,0,0,0,0,0,0.0,294.8,0,0,0,0,0,0,0,0.0,0,0,0,0,0,,,,,,,0,0,0,0,0,0,0,1
NA1_5210040060,1737273162,15.1,30.8,Caitlyn,BOTTOM,1,11,4,4,3.75,223,7.24,508.2,1303.4,42.7,68.2,0.84,3,2,111,6.0,66,0,0,9,1.56,-39,7,-298,-599,1,-627,0,0,3,0,0,0,0,0
NA1_5210061156,1737275924,15.1,38.4,Caitlyn,BOTTOM,1,9,6,19,4.67,241,6.28,451.2,1357.7,25.1,63.6,0.41,1,0,257,11.2,53,1,0,5,-0.46,-102,1,516,1043,8,1588,839.0,4,1,0,0,0,1,0
NA1_5210716811,1737348346,15.1,27.0,Caitlyn,BOTTOM,1,7,3,3,3.33,184,6.81,469.8,1150.3,28.2,34.5,0.6,1,1,94,5.8,50,1,0,60,0.0,819,5,423,1098,10,941,761.0,2,1,0,0,0,0,0
NA1_5210746461,1737350468,15.1,35.8,Caitlyn,BOTTOM,0,13,7,8,3,279,7.79,498.9,1129.5,28.5,61.8,0.57,0,2,185,8.6,67,1,1,69.5,0.24,796,45,1302,1422,53,1746,0,4,2,0,0,0,0,0
NA1_5210810680,1737355547,15.1,27.9,Caitlyn,BOTTOM,1,7,2,9,8,234,8.38,509.2,679.1,19.8,44.4,0.72,0,0,80,4.8,81,0,1,48.6,-0.34,600,24,613,1003,10,485,639.0,4,2,0,0,0,0,0
NA1_5210863606,1737361307,15.1,23.2,Caitlyn,BOTTOM,0,0,6,1,0.17,147,6.35,330.8,572.4,23.0,9.1,0.54,0,0,146,10.5,54,0,0,1,0.05,-124,-15,-433,-846,-26,-753,0,0,0,0,0,0,0,0
NA1_5211229379,1737417410,15.1,19.9,Caitlyn,BOTTOM,0,1,5,1,0.4,124,6.23,295.0,411.5,20.6,18.2,0.63,0,0,84,7.0,48,0,0,7,0.31,-373,-9,-364,-898,-17,-286,0,0,0,0,0,0,1,0
NA1_5211248402,1737418939,15.1,15.4,Jinx,BOTTOM,0,1,5,0,0.2,79,5.14,276.4,336.9,19.6,11.1,0.43,0,0,103,11.2,49,0,0,2,2.55,-1528,-3,47,-2399,-25,-718,0,0,0,0,0,0,1,0
NA1_5211271065,1737420676,15.1,28.7,Caitlyn,BOTTOM,1,5,2,7,6,218,7.6,454.6,843.0,20.8,42.9,0.6,0,0,24,1.4,56,0,0,36.6,0.2,360,1,55,378,3,-138,873.0,1,1,0,0,0,0,0
NA1_5211496476,1737435777,15.1,1.8,Caitlyn,BOTTOM,1,0,1,1,1,0,0.0,328.6,459.7,54.5,100,0,0,0,0,0.0,0,0,0,0,0,,,,,,,0,0,0,0,0,0,0,1
NA1_5211509205,1737436492,15.1,16.4,MissFortune,BOTTOM,0,1,4,3,1,92,5.63,310.8,269.4,11.9,30.8,0.43,0,0,56,5.7,45,0,0,0,0.75,-1827,-27,-410,-1896,-37,-730,0,0,0,0,0,0,1,0
NA1_5211529764,1737437937,15.1,20.4,Caitlyn,BOTTOM,0,1,7,2,0.43,152,7.43,331.9,319.6,12.6,25.0,0.67,0,0,113,9.2,45,0,0,2,2.48,-734,-18,-730,-1481,-14,-388,0,0,0,0,0,0,1,0
NA1_5213675146,1737700961,15.2,19.4,Caitlyn,BOTTOM,0,2,5,0,0.4,84,4.32,302.5,206.4,12.3,25.0,0.4,0,1,79,6.8,43,0,0,0,-0.13,-1314,-21,-275,-1699,-45,-1098,0,0,0,0,0,0,0,0
NA1_5213692921,1737702532,15.2,4.2,Jhin,BOTTOM,0,0,0,2,2,20,4.74,366.0,205.1,21.8,100,0.34,0,0,0,0.0,17,0,0,0,0,,,,,,,0,0,0,0,0,0,1,0
NA1_5213701912,1737703171,15.2,30.1,Kaisa,BOTTOM,0,2,7,3,0.71,243,8.06,356.4,529.0,24.0,29.4,0.73,0,0,205,11.3,71,0,0,11,0.06,-527,-5,-610,-1465,-7,-979,0,0,0,0,0,0,0,0
NA1_5215210254,1737862679,15.2,24.1,Caitlyn,BOTTOM,1,10,5,4,2.8,168,6.98,483.2,789.1,24.6,45.2,0.44,0,1,93,6.4,55,0,0,25,-0.4,-895,-4,-12,7,-2,721,655.0,3,2,0,0,0,0,0
NA1_5215247959,1737864697,15.2,13.7,Caitlyn,BOTTOM,0,2,3,1,1,115,8.4,403.4,329.7,22.3,75.0,0.51,0,1,50,6.1,78,0,0,25,-0.09,273,15,245,345,20,-136,0,4,1,0,0,0,1,0
NA1_5215275238,1737866204,15.2,17.0,Caitlyn,MIDDLE,1,2,1,0,2,145,8.52,387.4,373.0,13.1,12.5,0.33,0,1,35,3.4,82,0,0,18,-0.48,99,12,-169,708,16,323,984.0,3,0,0,0,0,1,0
NA1_5215300819,1737867564,15.2,17.0,Caitlyn,BOTTOM,1,7,0,1,8,157,9.24,488.8,544.1,23.2,50.0,0.74,1,0,0,0.0,75,1,0,66,0.39,1507,25,168,3175,52,958,811.0,5,2,0,0,0,1,0
NA1_5215336226,1737869715,15.2,28.9,Caitlyn,BOTTOM,1,7,8,4,1.38,227,7.84,476.5,718.5,19.0,32.4,0.63,0,2,167,9.6,48,0,0,1,-0.44,-1243,-32,-864,-1817,-41,-1084,0,0,0,0,0,0,0,0
NA1_5216258256,1737959259,15.2,39.3,Caitlyn,BOTTOM,0,9,11,8,1.55,272,6.92,445.9,1078.6,27.6,44.7,0.69,2,1,419,17.8,66,0,0,42,-0.02,1213,25,826,1445,25,822,775.0,4,2,0,0,0,0,0
NA1_5216290824,1737962356,15.2,39.6,Caitlyn,BOTTOM,1,6,9,7,1.44,269,6.79,418.4,1156.3,25.5,46.4,0.43,0,0,324,13.6,65,0,0,37.8,-0.11,-408,-5,-143,-803,-8,-992,809.0,0,1,0,0,0,0,0
NA1_5217671671,1738130163,15.2,17.6,Caitlyn,BOTTOM,0,0,7,2,0.29,132,7.5,304.0,405.8,16.4,20.0,0.58,0,0,99,9.4,59,0,0,5,2.29,-1473,-2,-499,-3474,-29,-1914,0,0,0,0,0,0,1,0
NA1_5217690844,1738131602,15.2,33.0,Caitlyn,BOTTOM,0,8,10,10,1.8,228,6.91,469.8,725.0,21.4,54.5,0.86,0,3,285,14.4,61,1,1,80.2,1.02,52,25,436,1850,39,939,691.0,7,0,0,0,0,0,0
NA1_5219891692,1738397015,15.2,21.0,Caitlyn,BOTTOM,1,3,1,5,8,180,8.56,462.0,521.3,17.5,33.3,0.66,0,0,12,1.0,59,0,0,44,0.36,-734,5,-122,-99,9,488,732.0,2,0,0,0,0,0,0
NA1_5219910777,1738398896,15.2,18.8,Caitlyn,MIDDLE,1,0,6,4,0.67,151,8.03,351.7,544.1,19.7,16.7,0.53,1,0,152,13.5,74,0,0,21,-0.26,-245,8,-660,-50,13,-498,717.0,0,0,0,0,0,1,0
NA1_5221455006,1738563946,15.2,1.8,Caitlyn,BOTTOM,0,0,0,0,0,0,0.0,289.5,0,0,0,0,0,0,0,0.0,0,0,0,0,0,,,,,,,0,0,0,0,0,0,0,1
NA1_5221459995,1738564433,15.2,30.8,Caitlyn,BOTTOM,1,6,7,11,2.43,219,7.12,447.8,778.6,23.2,54.8,0.65,0,1,134,7.3,47,0,0,0,0.59,-570,-22,-712,-774,-20,-696,859.0,2,0,0,0,0,1,0
NA1_5222097495,1738646991,15.2,28.4,Caitlyn,BOTTOM,1,2,5,8,2,200,7.05,418.5,881.1,21.1,38.5,0.59,0,0,103,6.1,61,0,0,9,0.04,-268,2,-271,-997,-10,-1019,0,2,0,0,0,0,0,0
NA1_5222128227,1738649391,15.2,28.2,Sivir,BOTTOM,0,4,7,5,1.29,197,6.97,348.7,678.0,21.5,30.0,0.7,1,1,221,13.0,61,0,1,37.8,0.04,-775,22,690,-1119,20,1152,0,2,0,0,0,0,0,0
NA1_5222149471,1738651419,15.2,10.1,Caitlyn,BOTTOM,0,2,2,1,1.5,60,5.95,365.2,565.1,30.0,42.9,0.5,0,0,24,4.0,51,0,0,4,0.69,-383,-3,233,,,,0,2,0,0,0,0,1,0
NA1_5222160489,1738652520,15.2,28.1,Caitlyn,BOTTOM,0,3,7,3,0.86,186,6.63,332.0,644.1,18.8,37.5,0.75,1,0,169,10.0,69,0,0,15,1.88,-630,-5,88,-867,-12,-70,854.0,1,0,0,0,0,0,0
NA1_5223406095,1738817769,15.3,35.9,Jhin,BOTTOM,1,7,5,26,6.6,266,7.4,497.2,946.4,23.0,76.7,1.06,2,1,208,9.6,76,0,0,43,0.6,1448,19,151,1561,21,320,898.0,2,0,0,0,0,0,0
NA1_5223442229,1738820445,15.3,22.8,Caitlyn,BOTTOM,0,3,9,4,0.78,160,7.02,402.9,445.5,14.7,43.8,0.54,0,0,192,14.0,48,0,0,9,0.1,-2122,-21,-1792,-3035,-20,-1771,0,1,0,0,0,0,0,0
NA1_5223466812,1738822345,15.3,6.9,Caitlyn,BOTTOM,1,0,0,4,4,39,5.62,353.2,383.5,27.9,66.7,0.36,0,0,0,0.0,37,0,0,0,0,,,,,,,0,0,0,0,0,0,1,0
NA1_5223473319,1738823255,15.3,31.1,Brand,UTILITY,0,2,16,11,0.81,39,1.25,285.1,580.7,18.4,48.1,2.17,1,0,386,20.7,12,0,0,19,0.52,42,4,239,44,7,-37,0,0,0,0,0,0,0,0
NA1_5225679357,1739083807,15.3,31.2,Caitlyn,BOTTOM,1,2,5,6,1.6,255,8.17,408.6,427.9,15.5,28.6,0.77,1,0,142,7.6,64,0,0,33,-0.14,652,28,220,704,37,-230,950.0,2,0,0,0,0,1,0
NA1_5225709737,1739086123,15.3,35.7,Caitlyn,BOTTOM,0,9,12,4,1.08,225,6.31,410.8,1035.1,26.3,52.0,0.51,0,1,396,18.5,57,0,0,5,-0.18,-422,-21,-294,-1167,-35,-671,0,0,1,0,0,0,0,0
NA1_5225735218,1739088897,15.3,26.8,Caitlyn,BOTTOM,0,3,4,2,1.25,187,6.98,340.2,399.3,10.4,25.0,0.32,0,0,80,5.0,58,0,0,4,0.07,-393,-6,-372,-1527,-18,-1001,0,1,0,0,0,0,0,0
NA1_5226040551,1739136010,15.3,34.5,Caitlyn,BOTTOM,0,4,5,6,2,314,9.11,501.6,829.6,21.8,37.0,0.56,1,1,144,7.0,68,0,0,84,0.22,294,-3,-497,1362,21,1008,707.0,5,0,0,0,0,0,0
NA1_5227135630,1739257734,15.3,32.0,Caitlyn,BOTTOM,0,6,5,4,2,225,7.02,432.0,855.8,22.4,38.5,0.74,0,3,136,7.1,48,0,0,5,-0.24,-233,-7,106,-269,-19,296,832.0,0,0,0,0,0,0,0
NA1_5227159522,1739260727,15.3,28.8,Caitlyn,BOTTOM,0,1,6,3,0.67,198,6.89,333.1,433.3,13.9,14.8,0.94,1,0,162,9.4,61,0,0,7,0.62,576,1,81,193,4,280,933.0,1,0,0,0,0,0,0
NA1_5228485014,1739431633,15.3,16.2,Kaisa,BOTTOM,0,2,4,3,1.25,87,5.38,308.5,309.1,23.7,62.5,0.49,1,0,64,6.6,47,0,0,18,-0.07,-724,-1,-49,-1968,-13,-921,0,0,0,0,0,0,1,0
NA1_5228496069,1739433121,15.3,25.7,Caitlyn,BOTTOM,0,7,9,6,1.44,181,7.05,457.9,853.7,32.7,56.5,0.89,0,2,247,16.0,52,0,0,27,0.63,163,10,165,746,25,555,0,4,0,0,0,0,0,0
NA1_5228507267,1739435020,15.3,25.6,Caitlyn,BOTTOM,0,7,10,1,0.8,150,5.85,406.7,666.3,25.0,50.0,0.62,0,0,237,15.4,44,0,0,2,0.68,7,-9,-962,482,-19,-1651,0,1,1,0,0,0,0,0
NA1_5229094158,1739511935,15.3,27.9,Corki,BOTTOM,0,12,5,4,3.2,184,6.61,422.8,918.0,28.4,64.0,0.55,0,0,106,6.3,52,0,0,22,-0.32,446,0,268,1277,14,721,0,2,2,0,0,0,0,0
NA1_5229114729,1739513953,15.3,30.1,Caitlyn,BOTTOM,1,12,5,14,5.2,210,6.98,487.6,1224.8,22.7,61.9,0.63,1,0,148,8.2,67,0,0,61,0.09,1618,32,248,2033,43,711,776.0,5,1,0,0,0,1,0
NA1_5229139667,1739516463,15.3,31.7,Jhin,BOTTOM,0,11,12,5,1.33,176,5.55,436.3,870.2,25.6,59.3,0.76,0,0,278,14.6,31,0,0,5,0.41,-1865,-42,-1710,-1448,-54,-1494,0,0,0,0,0,0,1,0
NA1_5229158465,1739518749,15.3,28.1,Caitlyn,BOTTOM,0,7,8,3,1.25,219,7.78,461.6,788.7,26.1,66.7,0.57,0,0,190,11.3,63,0,0,22,0.05,-833,12,-1169,-518,17,-743,0,2,1,0,0,0,0,0
NA1_5229182099,1739522200,15.3,31.8,Caitlyn,BOTTOM,0,10,7,8,2.57,235,7.39,478.9,963.1,27.8,54.5,1.07,1,2,267,14.0,61,1,1,48,0.28,426,24,583,1009,40,1140,841.0,4,2,0,0,0,0,0
NA1_5229805467,1739602014,15.3,15.3,Caitlyn,BOTTOM,0,2,6,5,1.17,121,7.92,389.7,682.4,27.3,58.3,0.44,0,0,107,11.7,65,0,1,47,-0.29,830,43,200,-28,56,-124,0,3,1,0,0,0,1,0
NA1_5229821243,1739603276,15.3,29.4,Caitlyn,BOTTOM,0,6,6,6,2,207,7.04,381.2,721.8,21.4,50.0,0.48,0,1,179,10.2,60,0,0,13,-0.02,-507,-10,-444,147,1,266,850.0,2,0,0,0,0,0,0
NA1_5229842357,1739605372,15.3,35.6,Caitlyn,BOTTOM,0,16,4,9,6.25,258,7.24,519.1,1165.3,26.6,58.1,0.69,0,2,212,9.9,79,0,0,30,0.25,1023,21,78,1705,24,-94,911.0,5,3,0,0,0,0,0
NA1_5229865069,1739607904,15.3,27.9,Jinx,BOTTOM,1,5,6,14,3.17,177,6.36,391.7,641.3,19.7,54.3,0.86,0,0,99,5.9,42,0,0,6,1.02,-1407,0,-2,-2830,-8,-1029,832.0,0,1,0,0,0,0,0
NA1_5232302730,1739864232,15.3,34.0,Jinx,BOTTOM,0,2,8,4,0.75,206,6.06,362.1,365.6,11.2,22.2,0.56,0,0,251,12.3,52,0,0,5,-0.19,-944,-9,105,-2063,-30,-1459,917.0,0,0,0,0,0,0,0
NA1_5232327391,1739867351,15.3,23.4,Jinx,BOTTOM,1,1,3,4,1.67,180,7.68,383.8,429.2,12.1,18.5,0.55,0,0,81,5.8,53,0,0,5,-0.17,-422,-8,-79,-134,-15,-72,740.0,3,0,0,0,0,1,0
NA1_5233769074,1740037335,15.3,27.6,Ashe,BOTTOM,1,5,4,11,4,193,6.99,427.6,512.3,11.3,42.1,1.03,2,0,73,4.4,38,0,0,42,0.14,-644,-12,470,170,5,1713,0,3,1,0,0,0,0,0
NA1_5233791864,1740040366,15.3,31.6,Ashe,BOTTOM,0,4,9,8,1.33,174,5.52,315.7,638.1,17.7,44.4,0.51,0,1,255,13.5,52,0,0,1,0.17,-247,-8,190,-789,-26,-414,797.0,0,0,0,0,0,1,0
NA1_5235063683,1740214836,15.4,39.9,Caitlyn,BOTTOM,1,15,11,4,1.73,252,6.32,491.5,989.8,22.6,41.3,0.58,1,2,392,16.4,62,0,0,12,0.48,1366,13,694,468,-1,-169,789.0,3,2,0,0,0,0,0
NA1_5235080345,1740217777,15.4,41.4,Caitlyn,BOTTOM,1,15,7,9,3.43,305,7.37,543.6,1427.3,34.4,63.2,1.03,0,2,257,10.4,66,0,0,65.9,0.85,1798,23,411,2912,40,652,997.0,3,1,0,0,0,0,0
NA1_5235094000,1740220945,15.4,28.8,Jinx,BOTTOM,0,10,5,3,2.6,255,8.85,443.6,1198.6,36.7,61.9,0.71,3,1,148,8.6,58,0,0,58.4,-0.0,935,-1,223,1065,19,485,0,3,1,0,0,0,1,0
NA1_5235353226,1740264629,15.4,37.6,Tristana,BOTTOM,1,9,9,5,1.56,199,5.29,409.0,532.4,16.2,36.8,0.46,0,1,253,11.2,41,0,0,4,-0.31,-550,-21,-382,-144,-32,-45,0,0,1,0,0,0,0,0
NA1_5235386973,1740267790,15.4,31.1,Caitlyn,BOTTOM,1,12,3,12,8,254,8.17,544.5,1132.5,27.1,52.2,0.51,1,1,116,6.2,57,1,0,96,0.05,1084,14,599,2159,26,909,779.0,4,0,0,0,0,0,0
NA1_5237067362,1740470348,15.4,23.9,Caitlyn,BOTTOM,0,2,3,6,2.67,188,7.86,367.0,414.8,15.8,66.7,0.55,0,1,71,4.9,58,0,0,6,-0.02,-134,-4,-95,-58,-12,-592,0,0,0,0,0,0,1,0
NA1_5237079834,1740472456,15.4,27.4,Jinx,BOTTOM,0,4,8,4,1,192,6.99,367.0,570.0,17.9,32.0,0.67,0,0,217,13.2,73,0,0,27,0.88,-421,11,165,-1141,-4,-956,0,3,0,0,0,0,0,0
NA1_5241875747,1741159556,15.4,15.2,Jinx,BOTTOM,0,2,5,2,0.8,94,6.2,344.3,351.9,16.2,44.4,0.43,0,0,62,6.8,52,0,0,4,0.2,-695,-14,-376,-1437,-14,-1374,0,2,0,0,0,0,1,0
NA1_5241881192,1741160764,15.4,29.8,Caitlyn,BOTTOM,0,10,6,6,2.67,236,7.93,475.1,997.9,26.3,47.1,0.49,0,3,113,6.3,65,0,0,59.0,-0.06,-1128,4,-166,-1200,8,-642,899.0,1,1,0,0,0,0,0
NA1_5241896465,1741163259,15.4,20.1,Tristana,BOTTOM,0,1,4,1,0.5,148,7.35,327.7,345.6,18.3,16.7,0.49,0,0,85,7.0,58,0,0,4,-0.29,761,-4,739,-599,-20,-286,0,1,0,0,0,0,1,0
NA1_5241907881,1741164831,15.4,15.7,Tristana,BOTTOM,0,2,5,1,0.6,109,6.96,355.8,228.1,10.5,37.5,0.42,0,0,93,9.9,53,0,0,9,-0.29,-203,8,-399,-604,4,-460,0,1,1,0,0,0,1,0
NA1_5242967671,1741327437,15.5,35.0,Caitlyn,BOTTOM,1,10,4,9,4.75,266,7.6,465.0,966.2,26.8,54.3,0.49,0,1,147,7.0,69,0,0,94.8,1.02,791,17,50,567,39,30,977.0,4,2,0,0,0,0,0
NA1_5242993093,1741329998,15.5,34.6,Corki,MIDDLE,0,6,10,7,1.3,272,7.85,397.4,1040.8,25.7,43.3,0.73,3,3,354,17.0,89,0,0,29,-0.04,247,17,95,501,15,189,1024.0,1,0,0,0,0,0,0
NA1_5243014442,1741332906,15.5,38.2,Sivir,BOTTOM,0,20,5,22,8.4,309,8.09,540.0,1615.3,29.9,66.7,1.13,0,2,205,8.9,60,1,1,69.0,2.31,710,-10,965,2384,6,2571,848.0,3,6,0,0,0,0,0
NA1_5245402465,1741667088,15.5,39.1,Caitlyn,BOTTOM,0,10,9,10,2.22,304,7.78,432.7,1201.1,35.2,55.6,1.01,2,1,204,8.7,60,0,0,88,0.22,-180,-4,191,-589,-10,-320,0,1,1,0,0,0,0,0
NA1_5245429699,1741669826,15.5,36.9,Tristana,BOTTOM,0,18,9,6,2.67,329,8.92,560.4,1062.4,29.0,66.7,0.88,1,1,288,13.0,62,1,1,126.0,0.43,1577,12,816,1359,34,1213,0,0,2,0,0,0,0,0
NA1_5245455172,1741672461,15.5,26.7,Caitlyn,BOTTOM,1,4,5,7,2.2,196,7.33,422.2,633.8,18.4,32.4,0.34,0,0,130,8.1,51,0,0,29,-0.52,-157,12,252,62,23,724,847.0,3,0,0,0,0,1,0
NA1_5245468482,1741674365,15.5,28.2,Caitlyn,BOTTOM,1,10,6,1,1.83,189,6.71,439.7,940.3,20.3,24.4,0.56,0,2,105,6.2,52,0,0,18.2,-0.21,-1403,-16,-577,-1811,-28,-1303,0,0,1,0,0,0,0,0
NA1_5245483988,1741676378,15.5,36.4,Caitlyn,BOTTOM,1,6,5,3,1.8,292,8.02,403.4,829.0,25.1,26.5,0.63,2,0,167,7.6,65,0,0,76,1.68,604,14,252,599,33,1127,0,1,1,0,0,0,0,0
NA1_5245970895,1741753086,15.5,35.1,Lux,MIDDLE,0,5,3,11,5.33,255,7.25,388.8,779.6,25.2,44.4,0.62,0,1,100,4.7,71,0,0,43.2,-0.2,168,10,703,-219,20,610,0,1,0,0,0,0,0,0
NA1_5245999931,1741755916,15.5,29.8,Caitlyn,BOTTOM,0,3,9,5,0.89,222,7.46,410.9,677.5,21.6,42.1,0.67,1,1,278,15.6,72,0,0,56,0.52,528,23,-234,-17,18,-357,864.0,2,0,0,0,0,0,0
NA1_5246019381,1741758025,15.5,39.2,Ashe,BOTTOM,1,6,8,11,2.12,260,6.62,399.0,733.7,17.1,43.6,0.87,1,1,286,12.1,60,0,0,38,-0.07,551,9,687,304,-4,187,1032.0,1,0,0,0,0,0,0
NA1_5246038724,1741760733,15.5,27.1,Caitlyn,BOTTOM,0,6,4,5,2.75,216,7.96,431.3,637.1,27.9,57.9,0.5,0,1,73,4.5,67,0,0,26,-0.02,-95,11,-112,-1310,7,-815,0,0,1,0,0,0,0,0
NA1_5247596427,1742009524,15.5,32.4,Caitlyn,BOTTOM,0,11,4,7,4.5,267,8.24,508.8,1046.2,29.6,69.2,0.53,1,3,142,7.3,67,0,1,90.8,-0.26,1405,7,244,2522,28,906,0,4,0,0,0,0,0,0
NA1_5247627939,1742011855,15.5,37.3,Caitlyn,BOTTOM,1,16,8,15,3.88,249,6.68,506.6,1194.3,26.4,58.5,0.61,1,3,282,12.6,65,1,1,52,-0.21,1891,11,489,3382,39,1496,776.0,5,1,0,0,0,0,0
NA1_5247658739,1742014419,15.5,34.8,Caitlyn,BOTTOM,0,4,8,4,1,259,7.44,414.4,663.6,19.4,33.3,0.44,0,1,245,11.7,70,0,0,73.6,-0.43,444,35,375,377,31,109,929.0,1,0,0,0,0,0,0
NA1_5247684786,1742016818,15.5,27.6,Caitlyn,BOTTOM,0,10,4,3,3.25,212,7.68,454.4,1008.2,32.9,72.2,0.3,0,0,67,4.0,58,1,1,42.4,-0.41,1547,10,782,2591,18,1451,0,4,1,0,0,0,0,0
NA1_5247704129,1742018911,15.5,27.5,Varus,BOTTOM,1,16,5,12,5.6,167,6.07,513.9,1549.6,28.7,62.2,0.57,0,0,171,10.4,54,0,0,9,0.95,-56,-11,-100,937,-15,185,0,3,4,1,1,0,0,0
NA1_5247722741,1742020917,15.5,27.4,Varus,BOTTOM,0,12,7,2,2,194,7.08,479.1,1186.8,37.8,60.9,0.52,0,1,210,12.8,59,0,0,41,-0.5,130,5,536,219,-7,521,0,0,2,1,0,0,0,0
NA1_5249505577,1742273381,15.5,32.9,Jhin,BOTTOM,0,7,7,6,1.86,244,7.41,459.0,797.0,21.1,43.3,0.61,2,0,199,10.1,62,0,0,11,0.04,18,1,-166,1653,6,482,0,1,1,0,0,0,1,0
NA1_5249527518,1742275740,15.5,25.5,Caitlyn,BOTTOM,1,8,3,5,4.33,184,7.21,460.2,745.5,19.8,40.6,0.43,0,2,61,4.0,61,0,0,19,0.07,37,-14,-176,-631,-27,-230,747.0,1,1,0,0,0,0,0
NA1_5249546218,1742278028,15.5,33.5,Corki,BOTTOM,0,7,8,4,1.38,228,6.8,396.9,806.3,33.8,52.4,0.72,2,0,210,10.4,54,0,0,58.4,-0.23,583,-3,137,614,10,455,904.0,1,1,0,0,0,0,0
NA1_5249562672,1742280643,15.5,46.4,Caitlyn,BOTTOM,0,5,14,7,0.86,253,5.45,320.4,549.8,11.7,25.0,0.78,2,1,535,19.2,57,0,0,12,-0.09,-322,3,-137,209,11,152,837.0,3,0,0,0,0,0,0
NA1_5250589883,1742446675,15.6,1.8,Caitlyn,BOTTOM,1,0,0,0,0,0,0.0,293.6,36.6,61.0,0,0,0,0,0,0.0,0,0,0,0,0,,,,,,,0,0,0,0,0,0,0,1
NA1_5250596757,1742447326,15.6,1.8,Caitlyn,BOTTOM,1,0,0,0,0,0,0.0,286.3,0,0,0,0,0,0,0,0.0,0,0,0,0,0,,,,,,,0,0,0,0,0,0,0,1
NA1_5250602182,1742448080,15.6,23.1,Caitlyn,BOTTOM,0,2,6,3,0.83,172,7.45,342.5,594.4,22.8,71.4,0.67,1,0,118,8.5,71,0,0,14,0.46,-319,12,422,-1341,-6,-23,0,1,0,0,0,0,0,0
NA1_5250614570,1742449808,15.6,33.5,Caitlyn,BOTTOM,1,9,2,6,7.5,245,7.31,493.8,951.8,24.1,45.5,0.46,0,0,97,4.8,56,0,0,86,0.56,773,20,234,2161,21,758,832.0,5,1,0,0,0,0,0
NA1_5250632703,1742452195,15.6,34.6,Caitlyn,BOTTOM,0,7,3,6,4.33,275,7.96,451.2,831.3,27.2,48.1,0.44,1,1,51,2.5,61,0,0,14,-0.4,-347,-7,-168,487,1,216,0,2,1,0,0,0,0,0
NA1_5251121786,1742531384,15.6,15.8,Caitlyn,BOTTOM,1,5,3,0,1.67,118,7.45,424.6,683.2,33.3,31.2,0.51,0,1,63,6.6,72,0,0,22,0.0,1382,23,842,1427,21,537,870.0,0,1,0,0,0,1,0
NA1_5251132369,1742532656,15.6,19.0,Caitlyn,BOTTOM,1,10,2,10,10,134,7.07,545.9,774.0,29.6,80.0,0.6,1,0,26,2.3,43,0,0,49.0,0.05,695,13,116,1815,31,302,705.0,6,1,1,0,0,1,0
NA1_5251147188,1742534169,15.6,28.0,Varus,BOTTOM,1,8,2,10,9,241,8.62,455.6,768.1,15.4,36.7,0.62,0,2,64,3.8,60,0,0,70.9,3.97,-538,-8,26,20,-3,460,0,1,1,0,0,0,0,0
NA1_5251166921,1742536240,15.6,28.3,Caitlyn,BOTTOM,1,8,0,8,16,236,8.33,514.4,918.8,30.4,61.5,0.4,0,0,0,0.0,57,0,0,53,-0.54,-400,2,-353,-278,32,804,841.0,2,2,0,0,0,0,0
NA1_5251182043,1742538312,15.6,39.4,Caitlyn,BOTTOM,1,7,1,6,13,369,9.36,489.5,1112.3,29.7,54.2,0.73,2,1,61,2.6,76,0,0,63,0.82,545,18,-133,834,26,71,1042.0,2,1,0,0,0,0,0
NA1_5252365778,1742710542,15.6,31.1,Caitlyn,BOTTOM,1,6,4,10,4,245,7.88,484.6,879.7,25.7,44.4,0.97,0,1,127,6.8,70,1,1,39,-0.03,1346,11,723,1962,18,1193,0,2,1,0,0,0,0,0
NA1_5252383214,1742712796,15.6,28.2,Caitlyn,BOTTOM,0,2,6,3,0.83,218,7.72,379.6,463.3,17.0,29.4,0.63,0,0,132,7.8,53,0,0,4,0.03,-1541,-10,-657,-1147,0,-894,0,2,0,0,0,0,0,0
NA1_5252399891,1742714996,15.6,10.9,Caitlyn,BOTTOM,0,0,4,0,0,64,5.89,288.6,287.2,18.8,0,0.74,0,0,52,8.0,48,0,0,2,0.53,-1356,-15,-630,,,,0,0,0,0,0,0,1,0
NA1_5252802353,1742778748,15.6,24.8,Caitlyn,BOTTOM,1,9,2,3,6,201,8.11,510.0,634.4,22.8,42.9,0.54,0,1,38,2.6,55,0,0,68,-0.42,269,7,-48,1237,22,521,872.0,1,2,0,0,0,1,0
NA1_5253024254,1742800427,15.6,29.6,Caitlyn,BOTTOM,1,16,4,8,6,187,6.31,502.7,1398.8,29.3,54.5,0.46,1,0,101,5.7,67,0,0,2,-0.25,56,-13,-176,474,-16,242,957.0,1,2,1,1,1,0,0
NA1_5253518129,1742878311,15.6,28.6,Caitlyn,BOTTOM,1,9,1,2,11,244,8.52,527.2,855.7,28.1,42.3,0.91,2,3,45,2.6,68,1,0,68,1.06,1630,28,757,2200,43,1400,846.0,1,0,0,0,0,0,0
NA1_5253538921,1742880396,15.6,40.8,Caitlyn,BOTTOM,1,12,7,7,2.71,320,7.84,498.4,1058.6,27.2,51.4,0.47,1,1,275,11.2,56,0,0,15,-0.24,5,11,248,994,18,466,0,2,2,0,0,0,0,0
NA1_5253561696,1742883554,15.6,14.8,Lux,MIDDLE,1,2,2,1,1.5,116,7.81,363.4,388.6,16.0,16.7,0.43,0,1,26,2.9,72,0,0,3,0.18,-547,-15,-255,-2,-11,421,866.0,1,0,0,0,0,1,0
NA1_5254087356,1742967147,15.6,32.6,Caitlyn,BOTTOM,1,8,7,4,1.71,228,6.98,436.1,770.6,22.3,34.3,0.82,0,2,127,6.5,51,0,0,8,1.07,-1697,-8,-902,-2745,-31,-1327,0,1,1,1,0,0,0,0
NA1_5254108339,1742969879,15.6,24.8,Nautilus,UTILITY,0,3,6,11,2.33,20,0.81,268.5,263.2,7.9,50.0,1.86,1,1,148,9.9,13,0,1,6,0.51,266,2,162,390,-1,340,938.0,1,0,0,0,0,1,0
NA1_5254122553,1742972331,15.6,26.4,Caitlyn,BOTTOM,0,1,6,5,1,183,6.92,406.3,486.5,15.0,31.6,0.47,1,1,178,11.2,73,0,0,16.6,-0.27,-436,-2,99,109,13,354,862.0,1,0,0,0,0,1,0
NA1_5254820682,1743107489,15.6,35.8,Caitlyn,BOTTOM,1,15,5,16,6.2,253,7.07,545.7,1353.2,30.8,51.7,0.85,3,0,167,7.8,55,1,0,65.5,0.63,341,15,200,2105,29,1312,696.0,5,2,1,0,0,0,0
NA1_5254839255,1743110081,15.6,26.2,Varus,BOTTOM,0,3,9,6,1,163,6.22,351.1,497.3,20.2,56.2,0.65,1,1,258,16.4,56,0,0,4,0.07,-741,-2,-645,-1806,-22,-615,0,0,0,0,0,0,0,0
NA1_5254853284,1743112279,15.6,24.9,Caitlyn,BOTTOM,1,5,3,2,2.33,196,7.88,438.7,766.1,25.2,30.4,0.38,1,2,88,5.9,60,0,0,36,0.83,447,-1,35,802,-2,-267,963.0,1,0,0,0,0,1,0
NA1_5254885137,1743116261,15.6,22.2,Caitlyn,BOTTOM,1,5,1,4,9,201,9.05,480.2,559.1,20.2,33.3,0.82,1,0,25,1.9,79,1,1,45,0.56,1232,22,883,2282,26,1531,838.0,1,0,0,0,0,1,0
NA1_5255043609,1743131787,15.6,40.0,Caitlyn,BOTTOM,1,11,11,13,2.18,257,6.42,457.6,1455.8,19.3,40.0,0.76,1,0,412,17.2,63,0,0,61.6,0.12,-575,19,598,-162,14,-260,0,3,1,1,0,0,0,0
NA1_5256579956,1743370179,15.6,38.6,Caitlyn,BOTTOM,0,14,9,2,1.78,279,7.22,489.9,1205.2,28.1,57.1,0.76,1,3,294,12.7,66,0,0,25,-0.26,-309,-5,-178,-258,4,-14,0,1,1,0,0,0,0,0
NA1_5256602513,1743372811,15.6,23.8,Caitlyn,BOTTOM,1,12,4,2,3.5,185,7.77,517.0,1053.9,27.9,45.2,0.59,0,1,109,7.6,70,1,0,72,0.32,853,20,-124,2498,45,1006,864.0,3,1,0,0,0,1,0
NA1_5256628703,1743375608,15.6,17.9,Caitlyn,BOTTOM,0,1,6,1,0.33,108,6.03,301.6,251.4,11.1,20.0,0.36,0,0,109,10.1,50,0,0,3,0.85,-2363,-22,-675,-4900,-38,-1112,0,0,0,0,0,0,0,0
NA1_5256645111,1743377036,15.6,28.7,Caitlyn,BOTTOM,1,9,4,6,3.75,210,7.33,541.7,823.6,22.2,45.5,0.68,0,1,101,5.9,63,0,0,29,-0.24,-95,12,526,-42,9,140,856.0,1,0,0,0,0,0,0
NA1_5256787302,1743389596,15.6,32.1,Caitlyn,BOTTOM,1,6,6,7,2.17,249,7.75,446.3,571.0,17.5,41.9,1.12,1,0,133,6.9,59,0,0,8,0.15,117,0,709,-72,-4,-188,857.0,0,0,0,0,0,0,0
NA1_5256864455,1743396981,15.6,2.7,Tristana,MIDDLE,1,0,0,0,0,12,4.39,307.0,120.7,17.5,0,0.5,0,0,0,0.0,12,0,0,0,0,,,,,,,0,0,0,0,0,0,0,1
NA1_5256870320,1743397416,15.6,31.1,Caitlyn,BOTTOM,1,7,4,13,5,230,7.39,480.6,932.4,23.2,51.3,1.07,0,2,136,7.3,65,0,0,25,0.54,478,0,296,1240,5,934,934.0,2,1,0,0,0,0,0
NA1_5256893578,1743400163,15.6,16.7,Caitlyn,BOTTOM,1,5,0,3,8,157,9.41,493.4,495.0,16.0,42.1,0.6,1,0,0,0.0,68,1,0,71,0.2,1201,27,1076,1810,48,1728,862.0,1,1,0,0,0,1,0
NA1_5256922078,1743404292,15.6,40.9,Caitlyn,BOTTOM,1,24,12,9,2.75,256,6.26,575.1,1717.5,34.9,57.9,0.88,2,2,451,18.4,66,0,0,111.2,0.94,679,24,118,1367,37,613,0,2,3,0,0,0,0,0
NA1_5257378358,1743481714,15.6,31.2,Caitlyn,BOTTOM,0,4,6,3,1.17,223,7.14,426.9,868.5,23.9,33.3,0.58,1,1,184,9.8,57,0,0,38,-0.24,355,0,314,41,22,523,768.0,1,0,0,0,0,0,0
NA1_5257397718,1743483899,15.6,28.0,Caitlyn,BOTTOM,1,6,3,7,4.33,201,7.19,445.7,724.1,15.9,35.1,0.42,2,0,107,6.4,58,0,0,21,-0.07,-638,-10,110,191,-5,370,0,2,0,0,0,0,0,0
NA1_5257420692,1743486765,15.6,35.1,Caitlyn,BOTTOM,0,12,10,11,2.3,230,6.55,480.6,1119.1,26.3,50.0,0.5,0,3,250,11.9,41,0,0,2,-0.06,-1289,-23,-1359,-903,-24,-1301,0,0,2,0,0,0,0,0
NA1_5257875716,1743567679,15.6,20.4,Caitlyn,BOTTOM,0,0,5,3,0.6,157,7.7,345.8,520.1,24.6,33.3,0.47,0,0,95,7.8,62,0,0,31,-0.49,-722,21,-321,-189,24,158,0,3,0,0,0,0,1,0
NA1_5257894322,1743569338,15.6,29.4,Caitlyn,BOTTOM,0,2,5,0,0.4,266,9.04,404.3,637.4,26.5,18.2,0.46,1,0,143,8.1,71,0,0,46.7,-0.04,198,8,175,65,3,-289,0,1,0,0,0,0,0,0
NA1_5257912466,1743571509,15.6,43.3,Caitlyn,BOTTOM,0,6,10,7,1.3,349,8.06,462.6,1173.7,23.8,36.1,0.52,0,1,251,9.7,65,0,0,82.4,-0.47,-657,3,-234,-1230,-9,-817,0,2,0,0,0,0,0,0
NA1_5259437485,1743749026,15.7,33.9,Caitlyn,BOTTOM,0,7,5,7,2.8,269,7.94,455.8,1119.1,34.4,51.9,1.14,0,0,131,6.4,66,0,0,7,1.2,3,-3,-468,274,-3,-538,922.0,0,0,0,0,0,1,0
NA1_5260218068,1743838085,15.7,32.5,Caitlyn,BOTTOM,1,10,3,7,5.67,252,7.74,513.9,999.8,24.0,48.6,0.38,2,4,130,6.7,62,0,0,38,-0.39,553,12,-129,924,16,326,0,3,1,0,0,0,0,0
NA1_5260234644,1743840647,15.7,31.3,Caitlyn,BOTTOM,0,9,9,2,1.22,196,6.26,458.6,808.5,21.7,36.7,0.47,1,2,260,13.8,62,0,0,32,-0.36,-176,6,257,219,12,229,768.0,2,2,0,0,0,1,0
NA1_5260994870,1743919128,15.7,29.1,Jhin,BOTTOM,0,6,5,4,2,206,7.08,396.7,614.5,19.2,50.0,0.41,0,1,181,10.4,52,0,0,7,-0.62,481,-2,430,62,-5,133,0,1,1,0,0,0,0,0
NA1_5261018317,1743921246,15.7,43.6,Annie,MIDDLE,0,4,10,13,1.7,196,4.49,310.4,915.6,19.0,40.5,0.78,0,1,386,14.7,56,0,0,8,0.28,-884,-4,185,-1399,-2,57,744.0,1,0,0,0,0,0,0
NA1_5261050001,1743924309,15.7,25.2,Caitlyn,BOTTOM,0,1,3,1,0.67,199,7.9,336.1,485.7,28.2,33.3,0.53,0,0,84,5.6,53,0,0,3,-0.35,-832,-4,-275,-513,-3,-290,0,0,0,0,0,0,1,0
NA1_5264623443,1744352935,15.7,30.1,Caitlyn,BOTTOM,0,9,5,3,2.4,251,8.34,468.6,889.6,31.2,44.4,0.28,0,2,142,7.9,62,0,0,47,-0.33,867,6,-586,1102,6,-236,0,1,0,0,0,0,0,0
NA1_5265346328,1744442188,15.7,31.5,Kayle,TOP,0,3,10,4,0.7,226,7.18,378.9,695.2,17.6,38.9,0.66,0,0,236,12.5,51,0,0,13.0,0.08,-1013,-14,-860,-1718,-6,-1405,0,1,0,0,0,0,0,0
NA1_5265363283,1744444668,15.7,24.4,Jhin,BOTTOM,1,12,6,7,3.17,154,6.31,459.2,1101.2,23.5,51.4,0.59,1,1,159,10.9,65,0,0,24,0.44,481,6,92,378,9,339,850.0,1,2,0,0,0,1,0
NA1_5265648200,1744492147,15.7,27.6,Caitlyn,BOTTOM,1,11,2,6,8.5,214,7.74,567.8,967.4,22.0,43.6,0.62,3,4,68,4.1,72,0,0,45,0.03,818,9,-208,2346,22,590,744.0,7,1,1,0,0,0,0
NA1_5265667266,1744494193,15.7,32.2,Tristana,BOTTOM,0,7,10,6,1.3,255,7.92,439.3,831.9,22.4,46.4,0.44,0,0,310,16.0,69,0,0,46.2,0.14,14,22,-261,317,22,-449,864.0,3,1,0,0,0,1,0
NA1_5265694194,1744496598,15.7,36.2,Caitlyn,BOTTOM,1,11,9,6,1.89,262,7.24,499.8,965.8,22.9,45.9,0.71,1,0,275,12.7,71,0,0,45,0.08,311,23,527,-204,31,450,849.0,0,2,0,0,0,0,0
NA1_5266020144,1744522464,15.7,28.7,Caitlyn,BOTTOM,1,15,9,4,2.11,166,5.79,532.8,1112.4,29.2,47.5,0.83,1,5,196,11.4,37,0,0,1,0.45,108,-28,5,756,-26,139,932.0,1,2,0,0,0,0,0
NA1_5266044643,1744524837,15.7,33.5,Caitlyn,BOTTOM,1,7,3,4,3.67,267,7.98,466.3,828.7,18.6,36.7,0.97,1,1,110,5.5,82,0,0,84.5,0.15,818,35,429,1352,53,625,789.0,4,1,0,0,0,1,0
NA1_5266067589,1744527209,15.7,29.1,Caitlyn,BOTTOM,1,8,5,11,3.8,204,7.02,474.2,1095.0,32.1,50.0,0.53,0,0,162,9.3,61,0,0,10,0.07,668,-2,231,970,1,316,806.0,2,1,0,0,0,0,0
NA1_5266088797,1744529395,15.7,32.9,Caitlyn,BOTTOM,1,5,8,5,1.25,207,6.3,405.7,631.7,17.8,28.6,0.57,1,1,326,16.5,55,0,0,25,-0.19,-233,-7,410,480,-4,987,979.0,1,1,0,0,0,0,0
NA1_5266656155,1744599496,15.7,38.9,Caitlyn,BOTTOM,1,12,9,7,2.11,241,6.2,484.5,993.3,26.4,50.0,0.31,0,2,281,12.1,61,0,0,12.2,-0.13,559,9,-182,998,13,-282,846.0,2,1,1,0,0,0,0
NA1_5266780278,1744609693,15.7,30.5,Sivir,BOTTOM,0,6,11,10,1.45,216,7.09,397.2,775.7,22.6,51.6,0.39,0,1,287,15.7,58,0,0,38,-0.29,74,4,275,-83,5,265,0,3,0,0,0,0,0,0
NA1_5266800805,1744611904,15.7,32.6,Caitlyn,BOTTOM,1,11,6,6,2.83,247,7.58,487.5,1011.6,25.7,47.2,0.44,0,1,215,11.0,74,0,0,40.4,-0.22,179,5,353,36,14,627,0,1,3,0,0,0,0,0
NA1_5266816669,1744614423,15.7,32.1,Ashe,BOTTOM,1,7,7,9,2.29,212,6.59,393.3,758.1,16.9,40.0,0.71,1,0,179,9.3,54,0,0,9,0.33,-299,-14,-68,-254,-20,-116,0,1,0,0,0,0,0,0
NA1_5266833454,1744617049,15.7,39.6,Caitlyn,BOTTOM,1,12,6,4,2.67,289,7.3,523.6,1419.8,36.2,57.1,0.64,0,0,249,10.5,68,0,0,7,0.13,372,-1,818,187,-9,-247,0,3,0,0,0,0,0,0
NA1_5267423423,1744693648,15.7,24.0,Caitlyn,BOTTOM,0,0,7,0,0,161,6.72,338.2,292.5,15.3,0,0.7,1,0,166,11.5,66,0,0,8,0.09,-479,1,230,-999,-17,128,976.0,0,0,0,0,0,1,0
NA1_5267445063,1744695521,15.7,33.1,Caitlyn,BOTTOM,1,9,5,1,2,280,8.45,522.6,857.8,24.6,43.5,0.51,1,2,149,7.5,70,0,0,18,-0.48,456,11,393,-98,6,-58,0,1,1,1,0,0,0,0
NA1_5267471222,1744698551,15.7,26.9,Sivir,BOTTOM,0,4,6,9,2.17,232,8.61,431.1,754.1,24.2,52.0,0.75,0,1,169,10.5,65,1,0,45.2,0.51,375,14,458,1113,27,1385,0,3,1,0,0,0,0,0
NA1_5268055905,1744777696,15.7,41.6,Caitlyn,BOTTOM,1,14,5,8,4.4,335,8.06,548.5,1606.1,31.8,43.1,0.8,2,4,171,6.9,52,0,0,68.0,0.84,90,6,22,883,15,602,0,2,1,0,0,0,0,0
NA1_5268092317,1744781021,15.7,28.6,Caitlyn,BOTTOM,1,7,4,6,3.25,197,6.88,447.0,1046.4,25.1,46.4,0.63,1,0,137,8.0,72,0,0,21,0.4,122,8,395,-610,-7,-551,766.0,2,1,1,0,0,0,0
NA1_5268813145,1744872513,15.8,34.3,Caitlyn,BOTTOM,0,5,8,4,1.12,247,7.2,436.5,770.1,17.7,30.0,0.39,1,1,372,18.1,62,0,0,8,-0.22,39,-1,798,100,-11,1326,710.0,2,1,0,0,0,0,0
NA1_5268829040,1744874979,15.8,28.3,Caitlyn,BOTTOM,0,8,4,6,3.5,197,6.97,444.6,822.7,24.5,53.8,1.2,3,1,126,7.4,62,0,0,7,0.38,1064,1,127,2583,2,367,807.0,5,1,1,0,0,0,0
NA1_5270465482,1745090902,15.8,28.2,Caitlyn,BOTTOM,0,3,3,2,1.67,239,8.48,422.0,748.1,45.3,83.3,0.66,2,1,116,6.9,66,0,0,3,0.16,-258,-8,6,-237,-12,-149,0,0,0,0,0,0,0,0
NA1_5270484734,1745093025,15.8,31.1,Caitlyn,BOTTOM,1,6,6,6,2,194,6.23,449.4,760.9,18.0,36.4,0.77,1,1,178,9.5,59,0,0,17,0.63,-444,-19,670,-292,-10,1230,848.0,2,0,0,0,0,1,0
NA1_5271649391,1745215207,15.8,27.1,Caitlyn,BOTTOM,1,12,4,8,5,202,7.44,569.8,891.4,22.1,50.0,0.65,0,1,135,8.3,55,0,0,17,-0.04,207,-4,346,208,-7,150,810.0,3,2,1,0,0,0,0
NA1_5271676798,1745218126,15.8,30.6,Caitlyn,BOTTOM,1,8,2,7,7.5,263,8.61,504.9,651.8,16.6,36.6,0.58,1,0,59,3.2,63,0,0,20,0.46,1788,20,434,2243,21,827,749.0,4,2,0,0,0,1,0
NA1_5271688190,1745220312,15.8,37.0,Caitlyn,BOTTOM,1,12,7,15,3.86,270,7.3,527.8,1254.4,26.9,58.7,0.57,0,0,304,13.7,80,0,0,32.0,0.1,923,20,-722,1455,27,-226,814.0,5,1,1,1,0,0,0
NA1_5272164675,1745288946,15.8,42.5,Caitlyn,BOTTOM,1,25,8,7,4,287,6.75,596.5,1690.3,38.4,72.7,0.83,2,5,263,10.3,55,0,0,10,1.34,-406,-4,-416,-1349,-20,-1017,0,0,4,1,0,0,0,0
NA1_5272207690,1745291962,15.8,26.2,Caitlyn,BOTTOM,1,6,0,5,11,205,7.83,449.9,770.4,23.0,36.7,0.49,0,0,0,0.0,70,0,0,11,-0.29,-306,-8,591,380,-6,1259,804.0,1,0,0,0,0,1,0
NA1_5272236379,1745293925,15.8,25.5,Caitlyn,BOTTOM,1,12,5,10,4.4,216,8.46,585.0,1389.8,37.9,59.5,0.71,1,3,82,5.4,62,1,0,63.5,0.5,1337,20,79,2773,35,1060,721.0,5,0,0,0,0,0,0
NA1_5272262060,1745295771,15.8,30.2,Caitlyn,BOTTOM,0,4,10,7,1.1,178,5.89,359.6,634.3,20.1,45.8,0.43,0,0,234,12.9,47,0,0,2,-0.23,-1099,-12,-741,-1299,-8,-743,0,1,1,0,0,0,0,0
NA1_5274922366,1745652275,15.8,32.6,Caitlyn,BOTTOM,0,7,8,4,1.38,221,6.78,436.5,965.5,28.3,42.3,0.64,0,1,244,12.5,72,0,0,27,-0.07,213,19,543,605,10,-14,869.0,4,0,0,0,0,0,0
NA1_5274941826,1745654964,15.8,23.9,Sivir,BOTTOM,1,5,3,10,5,162,6.78,405.0,626.9,16.4,50.0,0.63,0,0,86,6.0,47,0,0,1,0.31,-742,-13,-1364,-1068,-19,-1606,922.0,0,1,0,0,0,0,0
NA1_5274951870,1745656879,15.8,37.4,Varus,BOTTOM,1,11,8,8,2.38,278,7.44,464.4,953.4,28.7,65.5,0.89,2,0,290,12.9,61,0,1,13,3.58,790,6,693,240,4,163,0,0,0,0,0,0,0,0
NA1_5275224843,1745703123,15.8,40.8,Caitlyn,BOTTOM,0,15,9,6,2.33,290,7.1,503.5,1275.6,34.1,61.8,0.7,1,0,317,12.9,73,0,0,80.4,-0.04,998,28,72,1339,31,-307,0,3,1,0,0,0,0,0
NA1_5275248513,1745705869,15.8,26.9,Caitlyn,BOTTOM,0,6,8,4,1.25,193,7.17,458.8,684.2,20.7,55.6,0.43,0,1,229,14.2,65,0,0,4,-0.52,-853,-1,-456,-1027,-10,-250,770.0,2,1,0,0,0,0,0
NA1_5275268491,1745707945,15.8,35.1,Caitlyn,BOTTOM,0,9,10,4,1.3,254,7.23,453.7,1268.8,38.5,52.0,0.48,0,1,323,15.3,63,0,0,50,-0.17,-333,-2,278,162,6,72,0,1,1,0,0,0,1,0
NA1_5275586027,1745733949,15.8,34.6,Caitlyn,BOTTOM,0,13,4,5,4.5,218,6.3,493.4,1163.7,32.1,62.1,0.83,0,2,88,4.2,49,0,0,1,0.21,-1297,-21,-158,-1260,-19,320,0,3,2,1,1,1,0,0
NA1_5275627895,1745738416,15.8,20.2,Caitlyn,BOTTOM,0,2,6,3,0.83,131,6.49,358.3,432.1,14.6,38.5,0.5,0,0,95,7.8,45,0,0,9,-0.26,549,-11,360,169,-17,-112,615.0,0,0,0,0,0,1,0
NA1_5292124236,1747886925,15.10,29.3,Caitlyn,BOTTOM,1,4,7,8,1.71,170,5.8,380.5,705.5,19.0,30.0,0.33,0,0,211,12.0,54,0,0,22,-0.36,-1242,1,419,-1625,14,1262,0,0,0,0,0,0,0,0
NA1_5292940267,1748007618,15.10,8.5,Caitlyn,BOTTOM,0,1,0,2,3,64,7.51,385.2,397.5,31.4,75.0,0.32,0,0,0,0.0,49,0,0,0,0,,,,,,,0,0,0,0,0,0,1,0
NA1_5292942417,1748008490,15.10,29.0,Caitlyn,BOTTOM,1,10,1,9,19,243,8.37,549.7,961.8,26.0,61.3,0.75,1,1,41,2.4,48,0,0,22.2,0.33,500,-6,261,901,3,638,0,1,2,0,0,0,0,0
NA1_5292952267,1748010925,15.10,23.8,Caitlyn,BOTTOM,1,10,0,1,11,169,7.1,519.7,845.6,29.1,44.0,0.45,1,0,0,0.0,54,0,0,37,-0.2,987,26,658,1071,23,563,895.0,1,1,0,0,0,0,0
NA1_5292961113,1748012787,15.10,1.8,Caitlyn,BOTTOM,0,0,0,0,0,0,0.0,290.0,0,0,0,0,0,0,0,0.0,0,0,0,0,0,,,,,,,0,0,0,0,0,0,0,1
NA1_5293010894,1748021516,15.10,1.7,Ashe,BOTTOM,0,0,0,0,0,0,0.0,294.8,0,0,0,0,0,0,0,0.0,0,0,0,0,0,,,,,,,0,0,0,0,0,0,0,1
NA1_5293736176,1748112284,15.10,2.4,Caitlyn,,0,0,0,0,0,0,0.0,246.0,0,0,0,0,0,0,0,0.0,0,0,0,0,0,,,,,,,0,0,0,0,0,0,0,1
NA1_5298548490,1748734518,15.11,15.4,Caitlyn,BOTTOM,1,7,0,3,10,130,8.45,575.1,685.0,22.8,45.5,0.69,1,1,0,0.0,69,0,0,24,0.31,1033,1,62,3466,23,811,805.0,4,0,0,0,0,1,0
NA1_5298560515,1748735724,15.11,34.9,Caitlyn,BOTTOM,1,16,6,9,4.17,254,7.27,548.5,1221.9,29.4,61.0,0.6,0,1,215,10.3,59,0,0,22,0.3,-18,-3,10,-257,-7,-273,894.0,1,3,0,0,0,0,0
NA1_5298654263,1748743936,15.11,30.6,Caitlyn,BOTTOM,1,10,2,4,7,269,8.79,567.6,991.6,32.4,46.7,0.91,1,2,94,5.1,69,1,0,104,0.75,817,19,555,3017,44,1586,807.0,5,0,0,0,0,1,0
NA1_5298680668,1748746194,15.11,31.5,Caitlyn,BOTTOM,1,8,6,10,3,204,6.48,524.5,1099.9,22.0,47.4,0.57,1,0,181,9.6,68,0,0,39,-0.32,329,10,543,-486,-8,-59,0,3,0,0,0,0,0,0
NA1_5298715246,1748748566,15.11,28.3,Caitlyn,BOTTOM,1,7,4,5,3,210,7.42,469.0,912.9,28.8,50.0,0.54,0,0,104,6.1,67,0,0,34,0.24,-669,4,-82,-750,14,18,921.0,1,2,0,0,0,0,0
NA1_5298742517,1748750655,15.11,29.3,Caitlyn,BOTTOM,1,6,5,10,3.2,223,7.61,457.7,802.2,20.4,42.1,0.9,1,0,172,9.8,72,0,0,17,0.61,966,18,-60,1555,21,-384,881.0,3,1,0,0,0,0,0
NA1_5299134077,1748811409,15.11,42.1,Caitlyn,BOTTOM,0,11,8,7,2.25,286,6.79,493.6,1053.9,18.9,52.9,1.01,1,2,306,12.1,64,1,0,31,0.98,480,5,-201,1915,18,1014,779.0,4,0,0,0,0,0,0
NA1_5299164530,1748814569,15.11,27.5,Caitlyn,BOTTOM,1,2,5,4,1.2,170,6.18,378.3,400.5,12.3,23.1,0.54,0,0,114,6.9,46,0,0,8,0.06,-379,-17,-1095,183,-32,-1030,660.0,5,0,0,0,0,0,0
NA1_5300002691,1748919891,15.11,37.1,Caitlyn,BOTTOM,0,6,4,6,3,294,7.93,492.5,830.2,23.9,50.0,0.79,1,0,147,6.6,76,1,1,57.0,0.79,1335,34,847,2241,42,968,841.0,4,1,0,0,0,0,0
NA1_5300050159,1748923410,15.11,30.1,Sivir,BOTTOM,0,3,10,8,1.1,216,7.17,377.7,781.5,20.9,37.9,0.51,1,0,220,12.2,47,0,0,3,-0.35,-1056,-4,-548,-1489,-16,-702,855.0,1,0,0,0,0,0,0
NA1_5301186261,1749090273,15.11,29.1,Caitlyn,BOTTOM,0,5,10,4,0.9,171,5.88,412.2,606.1,19.7,39.1,0.49,1,0,252,14.4,56,0,0,10,0.28,238,7,-121,-895,4,-640,0,1,0,0,0,0,0,0
NA1_5301215008,1749092260,15.11,16.9,Jhin,BOTTOM,0,0,3,0,0,130,7.68,307.1,254.9,13.7,0,0.28,0,0,67,6.6,73,0,0,2,3.74,-52,-1,-271,-737,-7,-1085,856.0,1,0,0,0,0,1,0
NA1_5301233917,1749093706,15.11,27.5,Caitlyn,BOTTOM,1,13,1,3,16,218,7.92,591.3,1201.8,28.0,53.3,0.55,0,2,10,0.6,65,1,0,72.4,-0.41,892,27,539,1816,37,1254,930.0,1,1,1,0,0,0,0
NA1_5301861476,1749182934,15.11,31.7,Caitlyn,BOTTOM,1,7,3,7,4.67,259,8.18,447.9,1114.1,29.6,53.8,0.71,0,0,73,3.8,72,0,0,14,0.37,-62,9,331,-473,1,-193,926.0,3,2,1,0,0,0,0
NA1_5301893806,1749185482,15.11,33.7,Caitlyn,BOTTOM,0,5,9,6,1.22,214,6.35,387.8,1114.3,33.2,52.4,0.43,0,0,206,10.2,69,0,0,12,-0.2,-739,3,-686,-2150,-18,-1775,817.0,0,0,0,0,0,0,0
NA1_5303135937,1749358213,15.11,33.2,Caitlyn,BOTTOM,1,6,9,18,2.67,220,6.63,413.3,1060.5,24.5,58.5,0.65,1,0,241,12.1,45,0,0,8,0.14,-1397,-13,-670,-959,-6,-589,894.0,4,0,0,0,0,0,0
NA1_5303163231,1749360666,15.11,30.1,Caitlyn,BOTTOM,1,12,6,8,3.33,231,7.67,547.4,791.2,20.0,48.8,0.79,1,3,125,6.9,56,0,0,15.7,1.0,-1072,-4,208,-395,-5,629,834.0,1,2,0,0,0,0,0
NA1_5308771509,1750132319,15.12,38.8,Caitlyn,BOTTOM,0,15,10,4,1.9,288,7.42,567.2,1116.9,25.3,48.7,0.77,0,1,354,15.2,64,0,1,47,-0.44,1364,27,471,1157,34,-191,0,5,2,0,0,0,0,0
NA1_5317928249,1751429635,15.13,15.3,Jhin,BOTTOM,1,6,0,6,12,126,8.23,457.0,563.9,16.8,40.0,0.4,1,0,0,0.0,62,1,1,66,-0.2,2194,33,1618,2277,55,2031,802.0,3,0,0,0,0,1,0
NA1_5317954079,1751431942,15.13,33.6,Caitlyn,BOTTOM,1,22,4,4,6.5,248,7.37,659.5,1567.6,38.2,68.4,0.62,1,1,76,3.8,72,0,0,62.4,-0.28,1086,28,-8,1323,13,81,854.0,1,6,4,1,0,0,0
NA1_5318381838,1751507331,15.13,27.9,Caitlyn,BOTTOM,0,2,5,2,0.8,221,7.91,398.4,856.2,26.3,33.3,0.59,1,0,168,10.0,74,0,0,15,0.03,641,6,466,391,-5,-411,0,1,0,0,0,0,1,0
NA1_5318409857,1751509461,15.13,28.0,Caitlyn,BOTTOM,1,13,0,5,18,261,9.32,658.2,1661.6,42.1,85.7,0.47,0,2,0,0.0,65,0,0,77.4,-0.29,1556,22,-106,1764,27,-166,960.0,3,1,0,0,0,0,0
NA1_5318480095,1751515180,15.13,28.4,Caitlyn,BOTTOM,0,6,8,9,1.88,199,7.01,445.5,755.1,21.1,50.0,0.67,1,0,213,12.5,61,0,1,25,0.22,320,3,238,1290,8,357,0,0,2,0,0,0,1,0
NA1_5319689005,1751693274,15.13,27.9,Caitlyn,BOTTOM,0,4,9,6,1.11,160,5.74,365.7,696.9,24.3,55.6,0.58,1,0,244,14.6,63,0,0,9,0.06,-859,-7,-85,-1554,-24,-1190,801.0,0,1,0,0,0,0,0
NA1_5319884442,1751737884,15.13,21.7,Jhin,BOTTOM,1,8,3,4,4,139,6.4,474.5,690.1,16.8,38.7,0.87,1,0,62,4.8,62,0,0,6,1.06,265,-4,12,752,-11,152,661.0,1,1,0,0,0,0,0
NA1_5319915896,1751742168,15.13,16.4,Caitlyn,BOTTOM,1,5,0,4,9,136,8.31,510.3,477.4,14.2,37.5,0.48,0,0,0,0.0,77,1,1,66.4,0.2,2200,52,1736,4163,69,1546,632.0,7,0,0,0,0,1,0
NA1_5319925649,1751743543,15.13,40.2,Caitlyn,BOTTOM,1,11,4,15,6.5,293,7.29,519.8,1271.8,30.8,74.3,0.92,0,0,82,3.4,56,0,0,16.4,-0.0,-556,-4,175,-440,-4,195,0,1,1,1,0,0,0,0
NA1_5319993193,1751751868,15.13,35.2,Caitlyn,BOTTOM,0,8,9,4,1.33,280,7.95,505.6,1008.9,30.1,42.9,0.54,1,1,301,14.2,64,0,0,19.6,0.21,655,8,-192,184,1,-402,0,0,0,0,0,0,0,0
NA1_5320314498,1751781786,15.13,32.5,Caitlyn,BOTTOM,1,15,5,2,3.4,227,6.98,580.6,1066.0,30.2,48.6,0.73,0,2,173,8.9,62,0,0,9,1.41,-907,5,-456,-1266,-14,-1375,0,2,4,0,0,0,1,0
NA1_5320528366,1751826727,15.13,22.0,Caitlyn,BOTTOM,1,14,3,7,7,170,7.74,560.2,907.3,27.4,63.6,0.44,1,0,56,4.2,58,0,0,40,0.03,-84,5,340,347,5,974,0,0,2,2,0,0,1,0
NA1_5320552530,1751829578,15.13,35.5,Caitlyn,BOTTOM,1,11,8,16,3.38,245,6.9,510.1,959.2,24.2,58.7,0.71,2,0,276,13.0,65,0,0,26,1.01,-166,18,231,794,26,219,0,2,0,0,0,0,0,0
NA1_5320587028,1751833119,15.13,24.7,Caitlyn,BOTTOM,0,1,4,1,0.5,202,8.18,374.3,522.7,17.7,10.5,0.43,0,1,154,10.4,70,0,0,17.8,-0.49,351,4,-153,155,10,-248,890.0,1,0,0,0,0,0,0
NA1_5321457500,1751944579,15.13,26.4,Caitlyn,BOTTOM,1,10,6,9,3.17,147,5.56,506.9,944.5,23.2,48.7,0.73,1,2,144,9.1,63,0,0,35,0.45,173,17,286,509,13,-186,0,0,1,0,0,0,0,0
NA1_5321512723,1751949235,15.13,35.6,Caitlyn,BOTTOM,0,11,7,6,2.43,253,7.11,485.0,1063.7,25.7,50.0,0.64,2,1,184,8.6,63,0,0,28.8,-0.17,-104,22,24,-595,14,-312,0,0,0,0,0,0,0,0
NA1_5322085430,1752035877,15.13,15.2,Jhin,BOTTOM,1,4,1,2,6,112,7.37,444.2,478.0,21.6,33.3,0.61,0,0,14,1.5,60,1,0,18,0.11,-18,3,-64,1597,14,1071,852.0,3,0,0,0,0,1,0
NA1_5323138946,1752203524,15.13,28.6,Caitlyn,BOTTOM,0,10,6,0,1.67,214,7.48,503.0,1003.8,35.2,62.5,0.93,1,0,187,10.9,63,0,0,37.0,0.56,31,5,-113,367,5,-455,868.0,2,1,1,0,0,0,0
NA1_5323502071,1752269307,15.13,27.9,Caitlyn,BOTTOM,0,4,7,8,1.71,208,7.45,415.6,1017.8,23.6,54.5,0.68,1,0,156,9.3,65,0,0,26,2.82,476,5,538,521,19,740,935.0,2,0,0,0,0,0,0
NA1_5323957939,1752334038,15.13,28.5,Kaisa,TOP,0,5,7,5,1.43,199,6.97,461.4,833.0,33.2,66.7,0.52,0,0,208,12.1,74,0,0,10,-0.25,-95,-4,-827,-1610,-19,-2200,0,0,0,0,0,0,0,0
NA1_5324413716,1752385099,15.13,36.5,Jinx,BOTTOM,1,8,5,10,3.6,319,8.74,492.4,1036.4,23.6,64.3,1.14,0,0,166,7.6,62,0,0,47,1.06,411,7,-182,98,3,-317,0,0,2,1,1,0,0,0
NA1_5324592822,1752423361,15.13,26.5,Caitlyn,BOTTOM,0,5,5,6,2.2,193,7.29,412.1,580.6,21.2,61.1,0.62,0,1,100,6.3,64,0,0,4,-0.23,50,-9,28,178,-10,264,0,1,0,0,0,0,1,0
NA1_5324772190,1752444688,15.13,27.7,Caitlyn,BOTTOM,1,7,2,8,7.5,199,7.18,457.9,761.9,18.3,46.9,0.56,0,1,68,4.1,75,0,0,33,0.57,419,10,310,1346,15,805,949.0,1,1,0,0,0,0,0
NA1_5324800002,1752447289,15.13,28.9,Caitlyn,BOTTOM,0,0,7,2,0.29,228,7.9,362.7,366.5,12.6,10.5,0.85,1,0,168,9.7,59,0,0,9,0.21,285,18,93,-501,9,-438,0,0,0,0,0,0,0,0
NA1_5326121445,1752626442,15.13,22.9,Kaisa,MIDDLE,0,2,8,4,0.75,148,6.48,362.9,504.5,19.6,30.0,0.5,0,2,255,18.6,66,0,0,4,-0.3,-76,-9,144,-1432,-11,-483,0,0,0,0,0,0,1,0
NA1_5326678042,1752707521,15.14,32.1,Caitlyn,BOTTOM,0,5,9,7,1.33,248,7.71,433.3,987.5,22.9,42.9,0.45,0,1,280,14.5,70,1,0,68,-0.24,1328,38,563,1279,45,965,0,1,0,0,0,0,0,0
NA1_5327318871,1752791570,15.14,34.4,Caitlyn,BOTTOM,1,13,5,15,5.6,228,6.63,542.7,1661.3,33.6,73.7,0.56,0,1,162,7.8,60,1,1,44,-0.38,1921,35,886,3797,52,1183,928.0,7,1,0,0,0,0,0
NA1_5327342038,1752794084,15.14,15.3,Caitlyn,BOTTOM,0,1,3,1,0.67,109,7.12,331.0,539.4,28.6,50.0,0.47,0,1,50,5.4,56,0,0,15,15.85,-234,8,72,-1176,6,-390,0,0,0,0,0,0,1,0
NA1_5327355587,1752795463,15.14,15.3,Lux,MIDDLE,1,6,0,1,7,119,7.78,430.9,720.9,26.8,35.0,0.51,0,3,0,0.0,76,1,0,28,0.16,580,11,1065,1617,22,2504,757.0,2,0,0,0,0,1,0
NA1_5330567347,1753227826,15.14,25.1,Caitlyn,BOTTOM,0,3,4,0,0.75,188,7.49,385.8,495.1,17.3,18.8,0.68,1,1,86,5.7,64,1,1,59,0.0,1403,22,1033,2268,37,1549,748.0,5,0,0,0,0,1,0
NA1_5330770515,1753244362,15.14,28.9,Sivir,BOTTOM,1,9,4,12,5.25,251,8.7,489.6,1145.2,31.7,60.0,0.67,0,0,132,7.6,59,0,1,64.0,0.16,610,5,551,996,6,711,0,1,1,0,0,0,0,0
NA1_5332496875,1753503268,15.14,29.2,Lux,MIDDLE,1,6,8,6,1.5,171,5.86,360.1,901.8,24.1,35.3,0.47,0,3,283,16.2,64,0,0,23,0.37,-174,1,-205,-386,7,252,711.0,0,0,0,0,0,0,0
NA1_5332909940,1753571018,15.14,15.2,Sivir,BOTTOM,1,3,1,1,4,126,8.26,426.4,480.5,18.5,22.2,0.65,1,1,14,1.5,62,1,0,78.8,3.83,1436,36,527,2908,67,1480,696.0,4,0,0,0,0,1,0
NA1_5332927399,1753573029,15.14,37.1,Lux,MIDDLE,1,8,5,11,3.8,250,6.73,429.4,889.0,24.2,45.2,0.53,1,2,138,6.2,78,0,0,7,-0.26,-206,2,615,-333,-4,106,0,0,0,0,0,0,0,0
NA1_5333124620,1753590155,15.14,28.4,Annie,MIDDLE,0,3,7,2,0.71,187,6.58,346.1,729.5,18.4,20.8,0.62,0,2,200,11.7,58,0,0,2,-0.11,-573,-18,-280,-708,-17,-85,0,1,0,0,0,0,0,0
NA1_5333151982,1753592318,15.14,34.6,Sivir,BOTTOM,0,1,5,6,1.4,325,9.38,382.6,763.4,26.8,63.6,0.77,0,0,155,7.5,85,0,0,67.0,0.28,498,23,347,1050,35,621,0,4,0,0,0,0,1,0
NA1_5334191155,1753749233,15.14,2.3,Caitlyn,BOTTOM,1,0,0,1,1,3,1.29,325.3,417.3,51.0,100,0.64,0,0,0,0.0,3,0,0,0,0,,,,,,,0,0,0,0,0,0,0,1
NA1_5334722660,1753831241,15.14,18.9,Caitlyn,BOTTOM,1,8,0,0,8,139,7.35,473.1,570.0,21.7,57.1,0.64,1,1,0,0.0,51,0,0,9,0.37,649,-12,22,765,-18,-85,890.0,1,2,0,0,0,1,0
NA1_5334744854,1753833120,15.14,31.0,Caitlyn,BOTTOM,1,3,5,10,2.6,248,8.0,426.0,764.8,17.6,43.3,0.91,0,0,77,4.1,59,0,0,45.0,1.33,-537,-12,-214,-507,-9,-456,929.0,2,1,0,0,0,0,0
NA1_5334767770,1753835347,15.14,15.4,Sivir,BOTTOM,0,1,4,0,0.25,122,7.9,325.7,288.2,24.3,16.7,0.56,0,0,76,8.2,59,0,0,11,-0.33,-172,4,-77,-975,4,-327,0,0,0,0,0,0,1,0
NA1_5334951724,1753850678,15.14,39.1,Caitlyn,BOTTOM,1,5,6,5,1.67,268,6.86,443.1,857.2,21.5,33.3,0.98,0,1,112,4.8,49,0,0,4,0.89,-1739,-34,-860,-1946,-41,-1580,748.0,0,0,0,0,0,0,0
NA1_5336491394,1754020435,15.15,29.4,Caitlyn,BOTTOM,1,6,5,11,3.4,207,7.05,464.0,851.2,22.0,44.7,0.72,1,1,154,8.7,54,0,0,30.2,0.66,995,-6,217,1061,-4,557,0,0,1,0,0,0,0,0
NA1_5336524691,1754022690,15.15,30.6,Caitlyn,BOTTOM,0,2,4,5,1.75,230,7.53,405.3,714.4,24.5,33.3,0.59,1,1,109,5.9,72,0,0,15,-0.04,82,12,302,-800,2,-112,0,0,0,0,0,0,0,0
NA1_5338521834,1754241523,15.15,32.1,Caitlyn,BOTTOM,0,7,4,2,2.25,233,7.25,481.7,770.9,26.3,47.4,0.61,1,3,100,5.2,56,0,0,6,0.29,-1073,-16,38,-477,-16,289,0,0,0,0,0,0,0,0
NA1_5339167498,1754288446,15.15,31.1,Lux,UTILITY,0,6,10,7,1.3,58,1.86,359.5,1061.1,18.9,56.5,2.38,2,1,273,14.6,16,0,0,21.2,0.1,698,0,105,1018,5,304,684.0,2,0,0,0,0,0,0
NA1_5339401893,1754331331,15.15,27.8,Sivir,BOTTOM,0,0,5,2,0.4,213,7.67,343.2,489.8,15.0,10.5,0.57,0,0,121,7.3,55,0,0,1,0.56,-521,-17,-763,-1245,-30,-1297,878.0,0,0,0,0,0,1,0
NA1_5339416643,1754333353,15.15,15.2,Caitlyn,BOTTOM,1,3,0,2,5,115,7.56,419.1,366.3,15.8,29.4,0.56,0,1,0,0.0,66,1,0,27,0.17,357,12,434,1417,18,1515,675.0,2,0,0,0,0,1,0
NA1_5339440919,1754335675,15.15,29.4,Caitlyn,BOTTOM,1,3,6,11,2.33,208,7.08,437.4,544.2,14.7,43.8,0.81,1,1,171,9.7,56,0,0,11,0.78,176,8,396,219,10,944,0,1,0,0,0,0,0,0
NA1_5339460423,1754337896,15.15,31.9,Caitlyn,BOTTOM,1,9,5,9,3.6,212,6.64,516.1,1109.3,27.9,58.1,0.93,1,2,155,8.1,65,0,0,36,0.23,-297,2,-190,-76,11,172,898.0,2,0,0,0,0,1,0
NA1_5339857752,1754365539,15.15,20.1,Caitlyn,BOTTOM,1,0,1,1,1,170,8.47,349.2,261.2,10.6,4.3,0.54,0,0,36,3.0,73,0,0,19,-0.25,348,10,-440,81,0,-358,788.0,2,0,0,0,0,1,0
NA1_5339882554,1754367349,15.15,30.1,Caitlyn,BOTTOM,1,7,3,7,4.67,234,7.76,483.2,1076.0,25.6,42.4,0.55,0,2,64,3.5,58,0,0,31,-0.11,637,16,-43,1472,21,563,895.0,3,2,0,0,0,0,0
NA1_5340341665,1754432276,15.15,32.4,Caitlyn,BOTTOM,1,7,4,13,5,230,7.1,501.3,1223.1,32.1,55.6,0.6,1,0,115,5.9,61,0,0,37.6,0.06,962,2,188,902,4,-66,0,2,0,0,0,0,0,0
NA1_5340442662,1754440218,15.15,1.7,Caitlyn,BOTTOM,0,0,0,0,0,0,0.0,292.6,0,0,0,0,0,0,0,0.0,0,0,0,0,0,,,,,,,0,0,0,0,0,0,0,1
NA1_5340659682,1754453761,15.15,22.1,Caitlyn,BOTTOM,1,4,1,6,10,188,8.49,488.0,595.7,19.5,34.5,0.61,0,0,25,1.9,65,0,0,42,-0.05,918,11,415,1225,6,233,800.0,1,0,0,0,0,1,0
NA1_5340690722,1754455857,15.15,19.1,Caitlyn,BOTTOM,1,4,3,6,3.33,150,7.85,459.2,581.7,27.7,62.5,0.46,0,0,36,3.1,56,0,0,3,-0.06,-541,-5,110,537,-13,405,765.0,5,0,0,0,0,1,0
NA1_5342142544,1754626273,15.15,1.8,Caitlyn,BOTTOM,0,0,0,1,1,0,0.0,312.8,177.2,32.6,100,0,0,0,0,0.0,0,0,0,0,0,,,,,,,0,0,0,0,0,0,0,1
NA1_5342156627,1754627320,15.15,29.5,Caitlyn,BOTTOM,0,1,4,6,1.75,205,6.95,365.4,512.2,19.9,43.8,0.57,0,0,102,5.8,56,0,0,16,1.05,-221,0,499,40,6,694,0,0,0,0,0,0,0,0
NA1_5342191467,1754629918,15.15,29.7,Sivir,BOTTOM,1,3,4,11,3.5,255,8.6,463.3,806.5,20.4,50.0,0.61,0,0,76,4.3,69,0,0,29.5,0.31,-294,14,840,-382,9,567,859.0,0,0,0,0,0,1,0
NA1_5342622469,1754694844,15.15,35.4,Caitlyn,BOTTOM,0,16,9,10,2.89,249,7.04,530.1,1725.9,36.7,68.4,0.56,1,2,210,9.9,62,0,0,7.0,-0.17,-360,6,-526,-644,-8,-587,0,4,3,1,0,0,0,0
NA1_5342712361,1754702159,15.15,7.6,Caitlyn,BOTTOM,1,2,0,2,4,56,7.37,398.7,446.8,22.4,57.1,0.34,0,1,0,0.0,49,0,0,0,0,,,,,,,0,0,0,0,0,0,1,0
NA1_5342722479,1754702958,15.15,15.4,Caitlyn,BOTTOM,1,4,0,2,6,136,8.81,457.6,321.4,15.2,50.0,0.54,0,0,0,0.0,75,1,0,67,1.59,929,9,44,2121,44,1608,841.0,3,0,0,0,0,1,0
NA1_5342741284,1754704208,15.15,29.6,Caitlyn,BOTTOM,1,11,4,5,4,213,7.19,563.5,886.3,22.5,42.1,0.6,0,0,42,2.4,55,0,0,22.8,0.09,-451,4,-406,527,14,322,840.0,4,1,1,0,0,0,0
NA1_5343601028,1754795770,15.15,12.6,Caitlyn,BOTTOM,1,1,2,2,1.5,103,8.17,387.1,350.0,23.8,42.9,0.55,0,1,20,2.6,72,0,0,5,1.61,84,-3,35,,,,0,1,0,0,0,0,1,0
NA1_5343617108,1754796898,15.15,23.2,Caitlyn,BOTTOM,0,2,5,4,1.2,165,7.11,380.0,737.4,25.5,37.5,0.38,0,0,87,6.2,46,0,0,13,-0.57,-804,-5,-182,-1365,-7,-397,0,0,0,0,0,0,1,0
NA1_5344098928,1754858160,15.15,35.7,Caitlyn,BOTTOM,0,9,6,5,2.33,261,7.31,466.6,1061.0,29.0,56.0,0.85,0,0,159,7.4,79,0,0,69.2,0.02,762,21,172,243,12,-100,0,2,1,0,0,0,1,0
NA1_5344128483,1754860842,15.15,31.0,Caitlyn,BOTTOM,0,7,12,7,1.17,209,6.74,418.8,825.1,23.6,43.8,0.41,0,2,274,14.7,50,0,0,2,-0.23,-2162,-32,-977,-2663,-50,-1274,0,0,1,0,0,0,0,0
NA1_5344499923,1754886599,15.15,15.3,Caitlyn,BOTTOM,1,2,0,1,3,138,9.02,420.8,572.3,18.9,23.1,0.81,0,0,0,0.0,68,0,0,53,2.07,999,22,42,1175,39,-165,0,3,0,0,0,0,1,0
NA1_5344518797,1754888000,15.15,29.9,Caitlyn,BOTTOM,1,4,6,6,1.67,179,5.98,416.4,468.4,15.3,50.0,0.56,0,0,139,7.7,61,0,0,28,0.22,-538,7,292,-2058,-3,89,0,1,1,0,0,0,0,0
NA1_5348121898,1755321810,15.16,30.2,Caitlyn,BOTTOM,1,11,2,5,8,241,7.97,520.3,1182.0,30.6,47.1,0.4,0,2,74,4.1,71,0,0,26,-0.14,1035,19,-162,895,25,224,0,1,4,1,0,0,1,0
NA1_5348151793,1755324263,15.16,31.8,Caitlyn,BOTTOM,0,7,6,1,1.33,251,7.91,460.1,872.0,29.1,30.8,0.6,0,2,207,10.9,68,1,0,13,0.57,-63,-6,126,1018,-3,1404,922.0,2,1,0,0,0,0,0
NA1_5348356031,1755363291,15.16,14.9,Caitlyn,BOTTOM,0,0,2,2,1,118,7.89,334.5,391.7,22.8,33.3,0.41,0,0,37,4.1,61,0,0,43,-0.23,686,25,268,514,39,160,0,2,0,0,0,0,1,0
NA1_5348846069,1755405203,15.16,37.3,Caitlyn,BOTTOM,0,5,6,6,1.83,327,8.76,492.9,841.7,22.3,40.7,0.72,0,1,225,10.0,71,0,0,21,-0.44,391,0,297,488,3,649,0,1,0,0,0,0,0,0
NA1_5348881080,1755407829,15.16,42.3,Caitlyn,BOTTOM,1,5,10,8,1.3,287,6.79,462.5,961.7,23.9,41.9,0.93,0,1,328,12.9,58,1,0,207.4,5.1,898,15,786,1927,29,1294,842.0,3,0,0,0,0,0,0
NA1_5349596808,1755486693,15.16,26.9,Caitlyn,BOTTOM,1,3,5,10,2.6,155,5.76,372.7,561.6,12.4,31.7,0.55,0,0,93,5.8,45,0,0,4,1.68,-560,-10,-801,-815,-24,-565,770.0,0,0,0,0,0,0,0
NA1_5349624372,1755488731,15.16,29.7,Ashe,BOTTOM,0,0,9,4,0.44,194,6.52,311.5,645.2,23.4,25.0,0.76,0,0,213,11.9,59,0,0,41.0,-0.07,-394,10,-302,-1308,4,-611,845.0,0,0,0,0,0,0,0
NA1_5351758526,1755752410,15.16,30.5,Caitlyn,BOTTOM,0,6,6,8,2.33,217,7.11,418.8,895.9,29.1,63.6,0.45,1,0,155,8.5,58,0,0,8,-0.43,152,7,-445,-359,10,-619,0,2,0,0,0,0,0,0
NA1_5351783699,1755754685,15.16,26.4,Sivir,BOTTOM,0,8,8,8,2,186,7.05,487.6,988.3,26.4,59.3,0.35,1,2,191,12.1,57,0,0,5,-0.54,-1367,-15,-150,-1645,-19,709,0,0,0,0,0,0,0,0
NA1_5352416193,1755833708,15.16,29.4,Lux,MIDDLE,0,2,3,6,2.67,224,7.63,369.3,753.9,20.4,27.6,0.79,0,2,85,4.8,73,0,0,62,0.1,-223,7,866,-658,16,344,860.0,2,0,0,0,0,1,0
NA1_5356119704,1756269589,15.16,28.7,Caitlyn,BOTTOM,0,8,5,5,2.6,219,7.64,510.8,879.6,30.9,52.0,0.66,0,1,198,11.5,64,1,0,46.4,0.05,404,3,113,1847,20,959,0,4,0,0,0,0,0,0
NA1_5360483967,1756765745,15.17,39.3,Caitlyn,BOTTOM,0,5,6,6,1.83,313,7.96,394.5,1325.4,38.8,61.1,0.68,0,0,197,8.4,73,0,0,56,-0.15,429,18,36,1186,28,205,0,1,0,0,0,0,1,0
NA1_5360520428,1756768686,15.17,19.3,Jhin,BOTTOM,1,5,2,3,4,137,7.11,377.5,491.2,15.9,27.6,0.57,0,1,46,4.0,56,0,0,5,1.04,403,2,157,590,-8,387,841.0,0,0,0,0,0,1,0
NA1_5372009751,1758397499,15.18,29.2,Caitlyn,BOTTOM,1,1,4,4,1.25,232,7.94,423.3,501.5,16.6,27.8,0.56,0,0,140,8.0,66,0,0,18.0,-0.13,586,16,623,778,21,767,918.0,2,0,0,0,0,1,0
NA1_5372586052,1758477624,15.18,23.6,Sivir,BOTTOM,1,3,3,8,3.67,163,6.91,397.5,523.2,21.2,47.8,0.77,0,0,46,3.2,51,0,0,12,-0.08,-472,-9,-177,-1641,-11,-609,924.0,0,0,0,0,0,1,0
NA1_5372604848,1758480179,15.18,29.2,Caitlyn,BOTTOM,1,9,4,8,4.25,250,8.56,519.8,936.2,21.6,44.7,0.65,0,0,65,3.7,68,0,0,44.0,-0.08,-131,-8,-312,-250,-15,-732,964.0,0,1,0,0,0,0,0
NA1_5372697702,1758490888,15.18,27.6,Caitlyn,BOTTOM,0,9,5,5,2.8,215,7.79,539.0,761.2,23.9,58.3,0.56,0,2,174,10.5,72,0,1,53,0.13,1248,29,307,2126,41,380,902.0,1,0,0,0,0,0,0
NA1_5372721961,1758493057,15.18,19.6,Sivir,BOTTOM,0,5,6,5,1.67,128,6.51,382.7,663.9,27.3,66.7,0.97,1,0,115,9.8,54,0,0,11,0.44,-127,-1,-680,-358,-15,-1167,0,1,0,0,0,0,1,0
NA1_5383431583,1759382964,15.19,30.4,Caitlyn,BOTTOM,0,13,6,4,2.83,243,8.0,514.3,890.7,28.8,60.7,0.52,0,1,147,8.1,49,0,0,53.4,-0.12,1004,-1,88,1390,4,139,0,1,1,0,0,0,0,0
NA1_5383470129,1759386095,15.19,33.6,Caitlyn,BOTTOM,1,6,7,7,1.86,266,7.92,508.6,914.6,20.8,34.2,0.75,1,0,237,11.8,78,0,0,53,0.14,123,28,100,141,36,-22,868.0,3,0,0,0,0,0,0
NA1_5383722025,1759429509,15.19,28.4,Caitlyn,BOTTOM,1,9,4,4,3.25,211,7.42,511.9,1154.8,21.2,34.2,0.6,0,1,131,7.7,54,0,0,25.0,1.58,-205,-12,-312,1458,7,668,823.0,3,2,0,0,0,0,0
NA1_5383742302,1759431794,15.19,28.0,Caitlyn,BOTTOM,0,2,7,6,1.14,203,7.25,383.7,496.5,17.1,29.6,0.58,0,1,259,15.4,62,0,0,6,0.33,-732,-5,-525,-1118,-8,-691,780.0,1,0,0,0,0,0,0
NA1_5384310679,1759471326,15.19,31.9,Sivir,BOTTOM,0,1,8,0,0.12,232,7.27,328.2,295.4,10.3,4.0,0.46,0,0,248,13.0,50,0,0,3,-0.44,-1483,-20,-430,-2572,-24,-701,721.0,0,0,0,0,0,0,0
NA1_5389014575,1759976333,15.20,28.3,Caitlyn,MIDDLE,1,9,6,6,2.5,201,7.11,543.8,1042.5,21.8,35.7,0.48,1,2,219,12.9,74,0,0,38,-0.46,885,18,736,977,24,547,852.0,3,1,0,0,0,0,0
NA1_5389048571,1759978399,15.20,31.9,Caitlyn,BOTTOM,1,5,7,10,2.14,205,6.42,408.8,699.1,16.3,41.7,0.32,0,0,158,8.3,52,0,0,9,-0.25,-310,-5,23,-1063,-5,-270,0,1,1,0,0,0,0,0
NA1_5389084709,1759980746,15.20,35.0,Caitlyn,BOTTOM,1,13,7,5,2.57,259,7.39,555.0,856.9,21.4,46.2,0.55,0,1,242,11.5,66,0,0,11,0.84,-146,-2,-37,-353,1,69,0,0,1,1,0,0,0,0
NA1_5389132029,1759983779,15.20,26.0,Caitlyn,BOTTOM,0,4,3,2,2,215,8.26,449.5,559.2,22.2,42.9,0.78,0,0,101,6.5,77,0,0,24,0.28,392,10,85,714,17,473,0,0,1,0,0,0,1,0
NA1_5389659922,1760057858,15.20,27.3,Sivir,BOTTOM,0,6,8,2,1,186,6.8,390.3,764.4,22.2,44.4,0.55,0,2,247,15.1,62,0,0,9,-0.24,-319,0,-310,-895,-6,-406,948.0,1,2,0,0,0,1,0
NA1_5389690383,1760060045,15.20,29.8,Ashe,BOTTOM,1,4,4,12,4,203,6.8,450.9,614.9,13.0,40.0,1.15,2,1,153,8.5,64,0,0,19,0.97,-375,-14,-230,-202,-4,173,0,0,1,0,0,0,0,0
NA1_5389724541,1760062392,15.20,24.5,Ashe,BOTTOM,1,12,2,10,11,171,6.98,499.6,761.9,24.2,64.7,0.85,0,2,54,3.7,55,0,0,25,0.16,1365,-8,378,1075,3,731,918.0,1,4,1,0,0,0,0
NA1_5396717155,1760928350,15.20,21.9,Jhin,BOTTOM,0,0,4,1,0.25,163,7.43,314.3,355.1,18.8,11.1,0.49,0,0,62,4.7,59,0,0,0,-0.22,-1085,-20,-388,-1336,-27,-379,919.0,0,0,0,0,0,1,0
NA1_5399277054,1761279821,15.21,33.9,Caitlyn,BOTTOM,0,6,4,6,3,306,9.03,492.6,760.5,22.9,42.9,0.71,1,0,69,3.4,69,0,0,49.8,0.07,-566,19,642,-563,16,605,0,2,0,0,0,0,0,0
NA1_5399307563,1761282444,15.21,31.4,Caitlyn,BOTTOM,1,8,6,9,2.83,238,7.59,500.1,814.6,26.4,58.6,0.64,0,0,187,9.9,83,0,0,31,0.48,324,12,333,268,2,-158,0,0,0,0,0,0,0,0
NA1_5399339156,1761285103,15.21,27.1,Ashe,BOTTOM,0,9,7,8,2.43,155,5.72,446.7,791.3,22.4,58.6,0.72,1,2,162,10.0,52,0,0,28,-0.04,612,15,245,2005,28,656,952.0,4,1,0,0,0,0,0
NA1_5400028395,1761376714,15.21,36.1,Ashe,BOTTOM,1,5,8,7,1.5,217,6.02,380.3,604.7,11.9,48.0,0.72,2,1,308,14.2,55,0,0,7,-0.06,-225,-10,-668,-1003,-24,-989,804.0,0,0,0,0,0,0,0
NA1_5403190636,1761798556,15.21,32.0,Caitlyn,BOTTOM,1,7,3,5,4,249,7.79,448.0,633.6,22.9,36.4,0.76,0,0,81,4.2,63,0,0,20,-0.02,354,16,-37,129,9,-289,0,0,1,1,0,0,0,0
NA1_5403216669,1761800843,15.21,40.2,Caitlyn,BOTTOM,0,18,10,5,2.3,274,6.81,548.5,1068.8,32.1,67.6,0.71,0,0,337,14.0,64,0,0,15,0.11,897,10,-492,-347,-3,-958,0,2,4,1,0,0,0,0
NA1_5403257500,1761804954,15.21,30.2,Caitlyn,BOTTOM,0,5,4,5,2.5,244,8.09,386.0,1069.9,25.9,43.5,0.54,1,1,100,5.5,71,1,0,51,0.17,521,17,429,1218,26,893,843.0,3,1,0,0,0,0,0
NA1_5404243129,1761964482,15.21,21.6,Jinx,BOTTOM,1,10,1,10,20,203,9.4,556.0,966.6,28.8,66.7,0.46,0,0,12,0.9,65,0,0,36,0.02,994,9,505,2078,16,883,844.0,2,2,0,0,0,0,0
NA1_5404264673,1761966656,15.21,37.0,Ashe,BOTTOM,1,4,11,19,2.09,218,5.9,374.9,522.0,11.6,46.0,0.74,2,0,360,16.2,49,0,0,16.2,-0.16,-695,0,-292,-456,-8,-281,0,1,0,0,0,0,0,0
NA1_5404299395,1761969393,15.21,25.1,Ashe,BOTTOM,1,10,6,12,3.67,160,6.37,473.2,1175.3,25.4,57.9,0.62,0,0,119,7.9,60,0,0,8,0.25,279,0,272,906,1,728,930.0,1,2,0,0,0,0,0
NA1_5404329802,1761971782,15.21,26.6,Caitlyn,BOTTOM,0,0,2,1,0.5,256,9.64,348.9,375.6,25.0,16.7,0.69,1,0,33,2.1,75,0,0,31,-0.03,38,9,243,-83,5,54,0,1,0,0,0,0,1,0
NA1_5404349496,1761973682,15.21,32.0,Jinx,BOTTOM,0,14,5,7,4.2,204,6.37,460.3,1304.7,33.9,67.7,0.63,0,3,138,7.2,49,0,0,4,-0.41,-416,-6,364,-777,-9,46,0,0,2,0,0,0,0,0
NA1_5406890342,1762314650,15.21,24.7,Caitlyn,BOTTOM,1,8,2,9,8.5,178,7.2,486.4,889.7,22.2,40.5,0.61,0,1,71,4.8,69,1,0,61,-0.02,697,1,377,2159,27,1515,0,3,1,0,0,0,1,0
NA1_5406922924,1762316766,15.21,27.8,Caitlyn,BOTTOM,0,7,8,1,1,225,8.09,490.4,938.6,29.9,61.5,0.55,0,0,197,11.8,59,0,0,60,0.39,41,-2,-375,-610,-14,-823,0,1,1,0,0,0,0,0
NA1_5407951037,1762475369,15.22,31.1,Caitlyn,BOTTOM,1,3,3,4,2.33,253,8.14,456.6,690.6,24.1,43.8,0.52,0,0,36,1.9,53,0,1,8,0.14,-150,-18,-247,126,-14,-302,1075.0,1,0,0,0,0,0,0
NA1_5412135074,1762991321,15.22,39.4,Jinx,BOTTOM,1,12,5,10,4.4,291,7.39,449.8,1595.8,31.1,52.4,0.81,0,1,166,7.0,57,0,0,2,-0.08,-890,-16,-586,-785,-9,-185,0,0,3,1,0,0,0,0
NA1_5412187394,1762996041,15.22,29.5,Caitlyn,BOTTOM,1,8,0,5,13,221,7.5,503.4,820.0,22.8,41.9,0.44,2,1,0,0.0,63,0,0,15,-0.39,258,0,-54,931,6,382,0,2,1,1,0,0,0,0
NA1_5412226058,1762998810,15.22,29.6,Caitlyn,BOTTOM,1,9,4,11,5,181,6.1,454.7,802.6,23.6,55.6,0.51,0,1,150,8.4,69,1,1,48,-0.26,1072,29,762,1404,34,1322,850.0,0,2,0,0,0,0,0
NA1_5412256284,1763000934,15.22,33.8,Caitlyn,BOTTOM,0,6,5,10,3.2,291,8.62,512.8,952.5,32.1,61.5,0.51,0,0,186,9.2,73,0,0,35,-0.35,647,11,-8,1875,30,561,0,3,1,0,0,0,1,0
NA1_5412721314,1763070365,15.22,35.4,Ashe,BOTTOM,0,11,7,11,3.14,262,7.41,479.8,1296.0,29.3,73.3,0.87,0,1,180,8.5,57,0,0,51,1.26,16,4,123,-68,2,186,0,1,2,0,0,0,1,0
NA1_5412745113,1763073056,15.22,35.1,Caitlyn,BOTTOM,0,9,10,13,2.2,222,6.33,470.4,796.5,20.6,45.8,0.61,0,1,322,15.3,49,0,0,39.6,-0.1,-1004,6,-568,-1224,-6,-971,0,2,1,1,1,0,0,0
NA1_5413412864,1763157521,15.22,27.8,Caitlyn,BOTTOM,1,21,3,5,8.67,200,7.19,668.5,1573.7,39.2,60.5,0.6,0,3,57,3.4,58,0,0,29,0.62,-112,1,-337,1577,-4,205,890.0,0,3,1,0,0,0,0
NA1_5413439002,1763160431,15.22,31.8,Caitlyn,BOTTOM,1,12,3,10,7.33,215,6.77,500.3,1039.3,29.4,62.9,0.56,0,0,126,6.6,59,0,0,16,0.71,-242,-25,206,311,-19,978,916.0,1,1,0,0,0,0,0
NA1_5413465337,1763163175,15.22,44.5,Jinx,BOTTOM,1,13,7,12,3.57,315,7.08,481.5,1227.9,24.7,48.1,0.83,2,1,324,12.1,55,0,0,61.4,0.2,210,-2,-675,751,16,-340,754.0,2,1,0,0,0,0,0
NA1_5414269165,1763252662,15.22,19.6,Caitlyn,BOTTOM,0,1,6,2,0.5,127,6.46,346.0,475.8,19.6,18.8,0.33,0,0,123,10.4,69,0,0,8,-0.54,-1103,2,-353,-1754,-12,-765,0,0,0,0,0,0,0,0
NA1_5414293782,1763254588,15.22,29.8,Caitlyn,BOTTOM,0,7,9,3,1.11,234,7.86,449.1,651.9,20.5,55.6,0.3,0,0,280,15.7,64,0,1,43,-0.55,1615,22,337,1674,25,-279,0,3,0,0,0,0,0,0
NA1_5416282005,1763504507,15.22,27.0,Caitlyn,BOTTOM,1,13,1,11,24,196,7.25,611.0,1182.9,31.4,61.5,0.46,1,0,48,3.0,59,0,0,11,0.5,-248,-7,480,1172,-7,859,764.0,5,4,2,0,0,0,0
NA1_5416299667,1763506989,15.22,36.4,Jinx,BOTTOM,0,11,5,10,4.2,312,8.58,550.2,1217.3,33.9,80.8,0.83,1,0,176,8.1,56,0,0,17.0,-0.02,-157,-12,-534,340,-8,-798,0,0,1,1,1,1,0,0
NA1_5416997630,1763595945,15.23,15.4,Jinx,BOTTOM,0,2,5,3,1,115,7.48,349.7,438.1,30.3,100,0.59,0,0,83,9.0,61,0,0,10,0.39,-1683,6,-416,-2059,11,-468,0,0,0,0,0,0,1,0
NA1_5417015751,1763597175,15.23,25.9,Jinx,BOTTOM,0,0,6,2,0.33,200,7.72,303.8,250.7,13.5,16.7,0.43,0,0,149,9.6,68,0,0,1,-0.55,-710,1,-78,-1381,-12,-531,0,0,0,0,0,0,1,0
NA1_5417040950,1763599049,15.23,35.4,Lux,MIDDLE,0,9,3,16,8.33,265,7.5,425.1,965.0,30.2,67.6,0.8,2,3,160,7.5,84,0,0,27,-0.27,356,12,817,421,19,944,0,3,0,0,0,0,0,0
NA1_5418115279,1763706011,15.23,35.5,Caitlyn,BOTTOM,1,12,8,19,3.88,227,6.4,482.5,1702.8,23.1,55.4,0.71,0,1,163,7.7,49,0,0,1,0.55,-1764,-18,-375,-2075,-32,-391,0,1,2,1,0,0,0,0
NA1_5418144386,1763708559,15.23,29.1,Jinx,BOTTOM,0,3,7,5,1.14,180,6.17,359.0,503.4,16.9,34.8,0.49,0,0,268,15.3,63,0,1,13,-0.38,704,6,543,73,10,683,0,3,0,0,0,0,0,0
NA1_5418174997,1763711595,15.23,34.8,Brand,BOTTOM,1,9,7,7,2.29,225,6.47,419.1,893.5,22.3,35.6,0.62,1,1,159,7.6,46,0,0,2,1.17,-2011,-26,-1052,-3003,-43,-1126,0,0,1,0,0,0,0,0
NA1_5420460782,1763959476,15.23,19.3,Brand,BOTTOM,0,1,3,3,1.33,130,6.72,314.6,637.4,29.2,50.0,0.54,0,0,57,4.9,48,0,0,0,0.25,-1086,-10,333,-1856,-6,687,0,1,0,0,0,0,0,0
NA1_5420482071,1763960874,15.23,29.9,Jhin,BOTTOM,1,13,2,9,11,197,6.58,497.9,910.0,16.2,42.3,0.48,2,0,82,4.6,70,0,0,21,-0.1,317,1,92,1204,3,668,0,1,2,0,0,0,0,0
NA1_5421974441,1764142438,15.23,35.8,Jinx,BOTTOM,0,10,5,8,3.6,300,8.38,499.0,1002.0,37.5,72.0,0.38,0,0,155,7.2,56,0,0,9.9,-0.59,-148,-9,158,-695,-21,180,0,0,2,0,0,0,0,0
NA1_5422306973,1764202172,15.23,30.7,Ashe,BOTTOM,1,7,6,5,2,242,7.88,465.7,471.6,15.5,40.0,0.71,0,2,175,9.5,43,0,0,46,0.23,-462,-23,-936,441,-16,-261,784.0,1,1,0,0,0,0,0
NA1_5422335465,1764204830,15.23,32.6,Brand,BOTTOM,1,5,6,13,3,194,5.96,392.2,743.1,17.2,46.2,0.53,1,1,158,8.1,56,0,0,23,0.42,-598,1,-262,-1704,-12,-582,0,0,0,0,0,0,0,0
NA1_5422703695,1764232034,15.23,24.6,Brand,BOTTOM,0,2,7,7,1.29,156,6.33,320.0,717.3,20.3,36.0,0.44,0,1,159,10.8,55,0,0,0,-0.02,-407,-11,-1139,-1439,-14,-1938,0,0,0,0,0,0,0,0
NA1_5422716490,1764233880,15.23,31.9,Caitlyn,BOTTOM,1,10,5,16,5.2,222,6.97,545.4,1015.8,22.5,63.4,0.7,0,1,147,7.7,62,0,0,19,0.48,235,-6,-162,1146,1,177,858.0,2,1,0,0,0,0,0
NA1_5423021800,1764289539,15.23,28.0,MissFortune,BOTTOM,0,8,11,4,1.09,173,6.19,482.9,549.6,20.3,66.7,0.61,0,0,235,14.0,52,0,0,44,0.6,342,-5,14,-263,-2,-204,771.0,0,1,0,0,0,0,0
NA1_5423040534,1764291790,15.23,27.2,MissFortune,BOTTOM,1,7,0,7,14,201,7.38,470.0,739.2,24.4,43.8,0.61,1,0,0,0.0,70,0,0,15,0.63,309,1,508,900,0,455,981.0,1,1,0,0,0,0,0
NA1_5423342143,1764314749,15.23,23.1,Lux,MIDDLE,0,1,3,3,1.33,189,8.19,356.0,571.6,24.9,40.0,0.32,1,0,76,5.5,83,0,0,29,-0.25,242,3,274,447,7,496,0,1,0,0,0,0,1,0
NA1_5423354573,1764316409,15.23,34.0,Brand,BOTTOM,1,6,8,15,2.62,186,5.47,370.5,735.8,16.0,36.8,0.9,0,0,274,13.4,53,0,0,4,0.1,-193,-15,-462,111,-12,155,0,0,1,0,0,0,1,0
NA1_5423376826,1764318913,15.23,24.2,Caitlyn,BOTTOM,0,1,6,7,1.33,169,6.97,380.5,949.8,34.1,42.1,0.46,0,0,116,8.0,57,0,0,25,-0.24,143,10,212,-576,5,-439,0,3,0,0,0,0,0,0
NA1_5425058268,1764536222,15.23,16.5,Caitlyn,BOTTOM,0,0,2,1,0.5,130,7.86,337.2,311.8,20.4,100,0.47,0,0,45,4.5,62,0,0,7,-0.04,37,-2,-17,-683,5,-302,0,0,0,0,0,0,1,0
NA1_5425069691,1764537433,15.23,32.0,Jinx,BOTTOM,0,3,6,5,1.33,225,7.03,365.9,724.1,18.3,36.4,0.52,0,0,140,7.3,49,0,0,49,0.38,-1171,-11,-123,-1898,10,290,0,1,0,0,0,0,0,0
NA1_5426201627,1764658506,15.23,23.8,Caitlyn,BOTTOM,1,5,6,7,2,142,5.96,435.4,569.1,12.5,31.6,0.64,0,0,112,7.8,51,0,0,16,1.04,-726,-17,14,-885,-11,483,0,0,1,0,0,0,1,0
NA1_5426216870,1764660202,15.23,19.9,Caitlyn,BOTTOM,1,5,1,3,8,176,8.83,507.9,683.4,25.2,38.1,0.32,0,0,25,2.1,60,0,0,40,-0.41,1404,20,489,2020,19,185,812.0,2,0,0,0,0,1,0
NA1_5426782401,1764737027,15.23,29.6,MissFortune,BOTTOM,1,17,5,10,5.4,191,6.46,603.7,1401.0,30.9,61.4,0.59,0,0,171,9.6,63,0,0,3,0.43,733,-5,131,1865,-6,445,0,0,5,0,0,0,0,0
NA1_5426812459,1764739083,15.23,37.9,MissFortune,BOTTOM,0,9,10,7,1.6,249,6.57,451.5,619.8,13.8,41.0,0.92,0,1,285,12.5,51,0,0,2,0.38,-2005,-18,-881,-1488,-21,-461,0,1,0,0,0,0,0,0
NA1_5426850456,1764741735,15.23,34.6,Brand,UTILITY,1,9,9,21,3.33,49,1.42,394.9,948.7,17.5,47.6,2.29,3,1,272,13.1,11,0,0,4,0.41,3,0,409,45,2,-265,981.0,2,0,0,0,0,0,0
NA1_5428771980,1764916888,15.24,33.3,Lux,MIDDLE,0,3,6,4,1.17,260,7.82,409.1,674.9,23.7,29.2,0.53,0,1,202,10.1,82,0,0,56.0,-0.32,640,10,558,166,17,168,0,1,0,0,0,0,0,0
NA1_5428803951,1764919123,15.24,28.6,Caitlyn,BOTTOM,1,1,2,3,2,235,8.2,429.3,408.9,15.0,17.4,0.48,0,0,71,4.1,77,0,0,39,6.68,102,-3,862,193,5,1333,1019.0,4,0,0,0,0,0,0
NA1_5429424062,1764987885,15.24,32.4,Caitlyn,BOTTOM,1,6,5,7,2.6,236,7.29,486.3,854.8,22.4,35.1,0.78,1,0,124,6.4,82,0,0,76,0.37,467,33,454,-337,39,30,841.0,3,1,0,0,0,0,0
NA1_5430634996,1765081727,15.24,15.2,Sivir,BOTTOM,1,5,1,2,7,120,7.9,418.2,459.3,16.6,30.4,0.48,0,1,32,3.5,68,1,0,52,-0.1,1233,20,1089,2285,43,2471,0,1,1,0,0,0,1,0
NA1_5430660665,1765083060,15.24,31.2,Caitlyn,BOTTOM,0,4,6,8,2,204,6.54,402.4,675.5,19.2,48.0,0.61,0,0,225,12.0,63,0,0,9,0.2,575,-10,-291,997,-7,225,0,0,0,0,0,0,0,0
NA1_5431939379,1765182008,15.24,28.9,Caitlyn,BOTTOM,0,0,3,1,0.33,262,9.07,383.7,509.4,18.7,8.3,0.65,1,0,100,5.8,80,0,0,6.0,-0.29,32,-9,53,90,-16,-273,0,0,0,0,0,0,0,0
NA1_5441266418,1766105477,15.24,30.0,MissFortune,BOTTOM,1,10,4,9,4.75,228,7.61,531.1,1065.1,27.4,63.3,0.53,0,1,185,10.3,61,1,0,28,0.03,522,5,549,1389,5,957,0,2,1,0,0,0,0,0
NA1_5442365989,1766208354,15.24,16.1,Sivir,BOTTOM,0,0,0,0,0,131,8.15,326.8,430.4,22.1,0,0.51,0,0,0,0.0,63,0,0,5,0.19,-206,-6,247,-1066,-7,-225,0,0,0,0,0,0,1,0
NA1_5442386189,1766209598,15.24,28.6,MissFortune,BOTTOM,0,11,4,5,4,195,6.81,472.3,1022.0,25.8,51.6,0.44,0,1,108,6.3,52,0,0,1,-0.38,1146,-9,-303,1127,-14,279,0,2,0,0,0,0,1,0
NA1_5442808824,1766265327,15.24,24.9,Brand,MIDDLE,1,3,3,12,5,171,6.87,359.6,558.0,17.2,36.6,0.47,0,0,90,6.0,69,0,0,6,-0.33,102,-4,-47,-956,-10,-985,811.0,0,0,0,0,0,1,0
NA1_5443575694,1766342979,15.24,29.6,MissFortune,BOTTOM,1,8,3,9,5.67,213,7.21,474.5,840.0,17.8,41.5,0.61,1,0,108,6.1,56,0,0,1,-0.28,-115,-15,-385,353,-19,-443,886.0,0,2,1,0,0,0,0
NA1_5443600999,1766345139,15.24,36.0,MissFortune,BOTTOM,0,2,11,10,1.09,237,6.58,385.2,703.1,19.4,33.3,0.52,0,0,319,14.8,57,0,0,1,-0.06,-1228,-10,-301,-1022,-1,70,997.0,0,0,0,0,0,0,0
NA1_5444184468,1766384655,15.24,20.2,MissFortune,BOTTOM,1,6,3,7,4.33,156,7.72,482.6,560.6,18.6,44.8,0.49,0,1,72,5.9,60,0,0,11,-0.34,-133,-7,125,140,2,727,0,1,1,0,0,0,1,0
NA1_5444207387,1766386315,15.24,30.3,MissFortune,BOTTOM,1,5,6,4,1.5,242,7.99,433.4,709.3,20.0,28.1,0.62,0,0,141,7.8,69,0,0,31.2,0.79,120,-2,-718,39,-7,-886,849.0,1,1,0,0,0,0,0
NA1_5444233547,1766388541,15.24,34.9,Sivir,BOTTOM,1,5,4,23,7,284,8.13,422.4,838.9,21.8,75.7,0.87,0,0,104,5.0,60,0,0,23.0,0.61,-457,-8,-369,-594,-18,-1247,756.0,1,1,0,0,0,0,0
NA1_5444659260,1766449105,15.24,28.4,Caitlyn,BOTTOM,0,4,8,4,1,217,7.64,413.0,622.2,18.7,36.4,0.6,0,1,229,13.4,61,0,0,29,-0.16,86,2,17,524,16,658,0,2,0,0,0,0,0,0
NA1_5444689193,1766451212,15.24,60.3,Sivir,BOTTOM,1,19,11,23,3.82,387,6.42,504.5,911.0,16.5,50.6,0.69,0,0,473,13.1,63,0,0,2,0.18,-531,-3,301,-513,-2,474,957.0,2,4,2,0,0,0,0
NA1_5445022285,1766470999,15.24,32.1,Caitlyn,BOTTOM,1,8,3,11,6.33,274,8.53,552.5,1376.5,34.5,52.8,0.79,0,1,64,3.3,64,0,0,15,0.33,-181,-2,-390,-647,11,110,0,4,1,0,0,0,0,0
NA1_5445747494,1766551148,15.24,29.5,Jinx,BOTTOM,1,21,5,12,6.6,225,7.62,555.3,1459.9,33.5,67.3,0.6,0,2,86,4.9,41,0,0,14.0,0.23,-419,-21,-585,-974,-14,-788,872.0,1,4,0,0,0,0,0
NA1_5445787658,1766553450,15.24,43.6,Jhin,BOTTOM,1,17,5,14,6.2,270,6.2,483.7,937.3,18.8,58.5,0.61,0,1,133,5.1,44,0,0,3.4,1.09,-435,-25,-860,-798,-26,-1065,0,3,2,1,0,0,0,0
NA1_5445838200,1766556404,15.24,32.5,Caitlyn,BOTTOM,0,10,8,6,2,256,7.87,462.4,1000.9,25.8,50.0,0.48,0,0,331,17.0,75,0,0,24.6,-0.32,-326,5,-169,-639,4,-982,925.0,3,1,0,0,0,0,0
NA1_5446614223,1766640614,15.24,29.9,MissFortune,BOTTOM,0,4,4,7,2.75,212,7.1,423.4,673.9,21.3,50.0,1.03,1,0,159,8.9,76,0,0,40,0.99,1458,33,816,2536,28,671,747.0,2,1,0,0,0,1,0
NA1_5446645020,1766642698,15.24,25.6,Sivir,BOTTOM,0,1,5,2,0.6,215,8.41,374.1,589.3,22.5,33.3,0.46,0,0,98,6.4,74,0,0,17,0.34,-106,11,495,-1484,-9,-671,0,1,0,0,0,0,0,0
NA1_5447021144,1766697267,15.24,31.2,Sivir,BOTTOM,0,3,6,4,1.17,257,8.23,378.1,637.9,23.5,35.0,0.52,0,0,146,7.8,52,0,0,0,-0.14,-952,-16,-743,-1253,-21,-552,0,1,0,0,0,0,0,0
NA1_5447044264,1766699417,15.24,26.4,Caitlyn,BOTTOM,1,10,4,10,5,205,7.76,511.3,887.8,28.1,66.7,0.34,0,1,105,6.6,62,0,0,38,-0.5,272,9,286,549,15,935,851.0,0,1,0,0,0,0,0
NA1_5447370789,1766723983,15.24,36.0,MissFortune,BOTTOM,1,19,8,10,3.62,244,6.77,562.4,1701.9,28.1,55.8,0.61,1,3,358,16.6,65,1,0,19,0.17,627,9,636,1348,13,1254,0,2,3,1,0,0,0,0
NA1_5447414314,1766726877,15.24,31.9,MissFortune,BOTTOM,0,0,10,3,0.3,200,6.27,301.5,452.4,16.0,16.7,0.65,0,0,272,14.2,55,0,0,9,0.33,-280,-4,-75,-606,2,-951,0,2,0,0,0,0,0,0
NA1_5447447534,1766729058,15.24,36.9,Jhin,BOTTOM,0,9,8,8,2.12,252,6.83,438.3,738.2,20.7,63.0,0.5,0,0,284,12.8,60,0,0,87,-0.21,-180,-5,-218,1649,11,919,0,1,2,0,0,0,0,0
NA1_5447767299,1766778397,15.24,15.3,Jhin,BOTTOM,0,7,4,3,2.5,89,5.82,425.0,618.1,30.2,90.9,0.64,0,1,94,10.3,59,0,1,3,0.45,182,-1,562,4,-4,-130,0,0,1,0,0,0,1,0
NA1_5447782851,1766779796,15.24,25.1,Caitlyn,BOTTOM,1,9,1,7,16,229,9.11,555.9,1190.4,30.2,44.4,0.66,0,0,39,2.6,79,1,1,76.0,-0.23,2436,31,1069,3901,35,1332,666.0,7,1,0,0,0,0,0
NA1_5447804163,1766781949,15.24,33.0,Sivir,BOTTOM,0,3,7,12,2.14,270,8.19,396.6,836.9,23.5,55.6,0.52,0,0,194,9.8,68,0,0,68.4,0.25,-80,-2,-296,270,5,227,834.0,1,0,0,0,0,0,0
NA1_5449102451,1766898554,15.24,34.1,Sivir,BOTTOM,0,16,8,6,2.75,239,7.01,456.7,1348.7,26.1,52.4,0.37,0,0,279,13.6,81,1,0,91.0,-0.06,1934,38,1017,2777,46,1472,679.0,4,4,1,0,0,0,0
NA1_5449145517,1766901131,15.24,37.8,MissFortune,BOTTOM,1,6,7,11,2.43,307,8.13,472.4,720.9,21.4,37.8,0.83,0,0,222,9.8,68,0,0,58.4,0.04,-84,6,-75,-109,4,-30,890.0,2,0,0,0,0,0,0
NA1_5450073157,1766988485,15.24,34.3,Jhin,BOTTOM,1,12,5,15,5.4,261,7.61,541.6,812.7,18.9,55.1,0.31,0,1,154,7.5,55,0,1,4,-0.52,338,-6,467,-186,-11,-183,873.0,0,0,0,0,0,0,0
NA1_5450487955,1767046515,15.24,24.6,Jinx,BOTTOM,1,2,4,10,3,171,6.96,374.9,557.5,17.8,40.0,0.47,0,1,76,5.2,46,0,0,1,-0.35,-1260,-12,201,-1618,-26,-109,932.0,2,0,0,0,0,1,0
NA1_5452101154,1767207892,15.24,30.0,Caitlyn,BOTTOM,1,8,4,5,3.25,244,8.14,459.1,770.6,20.6,36.1,0.44,0,0,154,8.6,60,1,0,76.4,0.02,1122,5,739,1795,14,1007,724.0,5,1,1,0,0,0,0
NA1_5452121479,1767210070,15.24,29.5,Caitlyn,BOTTOM,0,4,6,4,1.33,233,7.9,448.1,724.7,22.7,32.0,0.66,0,0,171,9.7,61,0,0,55,0.13,-198,1,-68,-276,8,367,0,0,0,0,0,0,0,0
NA1_5453915547,1767391245,15.24,32.4,Caitlyn,BOTTOM,0,6,9,14,2.22,225,6.96,454.7,770.6,20.4,57.1,0.81,0,1,285,14.7,67,0,0,68,1.78,537,26,-12,1104,39,-252,0,2,0,0,0,0,1,0
NA1_5453942418,1767393481,15.24,30.6,Caitlyn,BOTTOM,1,12,0,9,21,295,9.62,639.6,1284.9,32.8,56.8,0.8,0,2,0,0.0,79,1,0,80.2,0.83,743,29,816,1983,47,2584,892.0,4,1,1,1,0,0,0
NA1_5454424166,1767422588,15.24,25.9,Caitlyn,BOTTOM,1,8,7,7,2.14,180,6.96,488.7,539.6,14.0,33.3,0.9,0,0,165,10.6,58,0,0,8,2.7,-760,-9,-47,-700,-13,16,809.0,1,1,0,0,0,1,0
NA1_5454449555,1767424408,15.24,27.6,Jinx,BOTTOM,1,7,3,13,6.67,207,7.5,491.3,958.9,23.4,48.8,0.43,0,1,70,4.2,47,0,0,22.6,-0.18,-330,-20,-494,-839,-8,-761,0,2,1,1,0,0,0,0
NA1_5454476616,1767426707,15.24,38.5,Brand,MIDDLE,1,6,10,11,1.7,223,5.8,367.3,868.8,20.7,34.7,0.48,0,4,372,16.1,58,0,0,2,0.16,-1793,-31,-1248,-2111,-45,-1872,841.0,0,0,0,0,0,0,0
NA1_5455967367,1767587066,15.24,31.0,Caitlyn,BOTTOM,0,1,8,4,0.62,214,6.91,352.7,541.2,15.4,16.1,0.51,0,0,226,12.2,62,0,0,1,0.02,-163,-6,-187,-1644,-23,-1117,807.0,1,0,0,0,0,0,0
NA1_5456100833,1767595228,15.24,25.6,Lux,MIDDLE,1,4,8,8,1.5,184,7.18,396.8,515.7,10.4,30.0,0.69,0,1,227,14.8,73,0,0,43,-0.03,-1052,18,199,-1353,32,160,864.0,1,0,0,0,0,0,0
NA1_5456444490,1767651212,15.24,25.0,Caitlyn,BOTTOM,0,1,8,2,0.38,151,6.04,310.7,539.6,22.8,21.4,0.32,0,0,176,11.7,59,0,0,13,-0.44,-935,9,47,-1047,-4,-231,840.0,0,0,0,0,0,1,0
NA1_5456462683,1767652975,15.24,27.9,Caitlyn,BOTTOM,0,4,7,5,1.29,191,6.85,415.1,580.1,20.0,34.6,0.62,0,1,158,9.4,54,0,0,7.2,-0.37,-392,-5,-301,-1701,-17,-1262,0,1,0,0,0,0,0,0
NA1_5456488206,1767655013,15.24,36.7,Caitlyn,BOTTOM,1,10,4,10,5,286,7.8,515.7,1086.6,21.0,42.6,0.79,0,1,152,6.9,74,0,0,31,0.26,566,22,200,80,11,262,947.0,1,3,0,0,0,0,0
NA1_5456523304,1767657874,15.24,25.6,Caitlyn,BOTTOM,1,6,2,4,5,215,8.39,565.5,695.5,16.7,30.3,0.76,0,0,74,4.8,76,1,1,63.7,0.79,1700,30,810,3456,46,1414,709.0,6,0,0,0,0,0,0
NA1_5456553082,1767660006,15.24,45.1,Caitlyn,BOTTOM,1,12,9,5,1.89,327,7.25,503.5,1448.5,27.9,43.6,0.89,0,4,267,9.9,58,0,0,11,0.98,-424,-6,143,399,-14,338,927.0,1,1,0,0,0,0,0
NA1_5456753792,1767671453,15.24,21.5,Brand,MIDDLE,1,2,2,6,4,144,6.69,337.7,539.0,12.6,15.4,0.51,0,1,35,2.7,67,0,0,3,-0.36,-125,-11,-115,120,-9,228,822.0,0,0,0,0,0,0,0
NA1_5457299200,1767742603,15.24,17.7,Caitlyn,BOTTOM,0,3,3,2,1.67,133,7.53,404.9,527.5,32.0,71.4,0.61,0,1,57,5.4,66,1,0,23,0.01,828,7,852,1178,13,1161,862.0,2,0,0,0,0,1,0
NA1_5457332742,1767745164,15.24,27.9,Caitlyn,BOTTOM,0,0,5,0,0,209,7.49,344.8,380.8,16.2,0,0.44,0,0,138,8.2,51,0,0,5,2.38,-134,-17,-420,-46,-19,-738,0,2,0,0,0,0,0,0
NA1_5457614752,1767762027,15.24,26.7,Caitlyn,BOTTOM,1,6,6,7,2.17,180,6.73,473.7,820.5,18.7,39.4,0.45,1,0,141,8.8,60,0,0,37,-0.18,1078,25,-38,1588,27,48,772.0,1,0,0,0,0,0,0
NA1_5458025578,1767823888,15.24,30.7,MissFortune,BOTTOM,0,5,6,6,1.83,207,6.75,398.3,580.9,19.3,37.9,0.53,0,1,259,14.1,63,0,0,56,-0.28,685,13,158,1289,23,482,0,1,0,0,0,0,0,0
NA1_5458049455,1767826171,15.24,33.6,MissFortune,BOTTOM,1,3,8,8,1.38,234,6.96,385.4,731.7,16.2,35.5,0.43,0,0,248,12.3,59,0,0,7,-0.12,-483,-14,-262,-1095,-26,-665,0,0,0,0,0,0,0,0
NA1_5458133932,1767832920,15.24,36.5,MissFortune,BOTTOM,1,18,5,7,5,286,7.84,534.6,1036.3,23.5,47.2,0.77,0,5,216,9.9,80,1,0,81,0.7,1554,30,584,2109,43,2077,0,3,1,0,0,0,0,0
NA1_5458219195,1767838382,15.24,47.5,MissFortune,BOTTOM,1,17,6,20,6.17,369,7.77,535.6,1317.0,26.5,56.9,0.51,0,1,294,10.3,71,0,1,88,0.31,1151,20,1462,1427,17,763,784.0,6,1,0,0,0,0,0
NA1_5458274692,1767841603,15.24,32.3,MissFortune,BOTTOM,1,7,8,6,1.62,213,6.6,386.2,740.9,21.0,46.4,0.67,0,0,267,13.8,56,0,0,8,-0.34,-105,3,499,-820,-8,-489,0,2,0,0,0,0,0,0
NA1_5458780652,1767904299,16.1,30.1,Caitlyn,BOTTOM,0,2,7,6,1.14,240,7.97,426.0,530.9,21.6,53.3,0.95,0,1,161,8.9,72,0,0,30,0.06,-315,20,42,-1046,25,-269,0,3,0,0,0,0,0,0
NA1_5458805543,1767906503,16.1,15.5,MissFortune,BOTTOM,0,2,5,3,1,102,6.57,357.2,826.0,32.5,62.5,0.59,0,0,84,9.0,62,0,0,5,-0.1,-472,8,313,-1590,5,-883,0,2,0,0,0,0,1,0
NA1_5458817503,1767907685,16.1,23.9,Caitlyn,BOTTOM,1,15,4,9,6,197,8.26,683.7,986.9,28.7,58.5,0.75,0,2,90,6.3,73,0,0,54.8,0.88,846,17,210,1667,6,146,801.0,22,2,0,0,0,0,0
NA1_5459785623,1767997412,16.1,34.7,MissFortune,BOTTOM,0,6,11,11,1.55,276,7.96,447.6,1313.3,33.0,53.1,0.83,0,1,311,15.0,67,0,0,52.2,-0.04,-388,4,541,989,12,1119,0,13,0,0,0,0,0,0
NA1_5459816574,1767999786,16.1,32.9,MissFortune,BOTTOM,1,6,9,12,2,238,7.25,443.8,963.3,23.7,40.9,0.67,0,0,311,15.8,64,0,1,12,0.02,492,9,941,-826,-1,43,789.0,5,0,0,0,0,0,0
NA1_5459961656,1768009224,16.1,35.2,Sivir,BOTTOM,1,14,6,15,4.83,286,8.12,548.2,1430.2,28.4,56.9,0.88,0,1,250,11.8,65,0,0,75.0,0.27,-19,-10,234,402,-5,1071,740.0,3,2,0,0,0,0,0
NA1_5460012959,1768011858,16.1,41.0,Jinx,BOTTOM,1,18,7,14,4.57,386,9.42,573.6,1543.3,32.9,66.7,0.98,0,0,260,10.6,61,0,0,46.2,-0.12,371,7,82,798,14,751,0,18,3,1,1,0,0,0
NA1_5460857267,1768088200,16.1,28.8,Jinx,BOTTOM,0,5,8,10,1.88,219,7.6,438.9,638.9,17.3,50.0,0.87,0,0,196,11.3,61,0,0,6,0.24,-1442,-8,-430,-1185,-4,493,0,5,0,0,0,0,1,0
NA1_5460889003,1768090233,16.1,28.5,Jinx,BOTTOM,1,13,4,6,4.75,272,9.54,591.7,1406.0,32.8,48.7,0.84,0,1,125,7.3,71,1,0,28,0.27,728,12,564,1624,19,1034,852.0,15,4,1,0,0,0,0
NA1_5461217273,1768107850,16.1,27.4,Jinx,BOTTOM,0,2,7,2,0.57,213,7.76,374.7,440.6,18.2,40.0,0.81,0,0,200,12.1,72,0,0,15.0,-0.17,-756,-15,-478,-1005,-8,-243,672.0,8,0,0,0,0,0,0
NA1_5461258666,1768109931,16.1,27.1,Brand,MIDDLE,0,6,9,1,0.78,213,7.87,400.8,1097.7,40.1,58.3,0.69,1,2,257,15.8,81,0,0,4,0.1,-561,-7,-523,360,-2,37,0,3,0,0,0,0,0,0
NA1_5461294731,1768111796,16.1,32.4,Jinx,BOTTOM,1,6,5,11,3.4,261,8.06,490.1,1093.6,22.8,37.8,0.66,0,0,185,9.5,70,0,0,34.0,0.42,-337,8,-229,-599,11,-375,700.0,20,1,1,0,0,0,0
NA1_5461403142,1768118568,16.1,28.0,Sivir,BOTTOM,1,13,1,11,24,306,10.92,579.3,1392.7,27.0,55.8,0.97,0,0,48,2.9,73,1,0,117.4,0.84,1042,7,392,1935,24,1173,969.0,20,3,0,0,0,0,0
NA1_5461424262,1768120554,16.1,26.8,Lux,MIDDLE,1,3,1,5,8,246,9.18,429.5,714.5,16.5,21.1,0.78,1,1,44,2.7,97,0,0,36,0.3,471,10,309,557,10,495,992.0,15,0,0,0,0,0,0
NA1_5461893125,1768174340,16.1,20.8,Sivir,BOTTOM,1,14,1,7,21,175,8.41,618.3,1193.1,28.6,55.3,0.72,0,1,38,3.0,60,1,0,51,2.44,1242,12,764,1375,33,1057,641.0,19,3,0,0,0,0,0
NA1_5461919965,1768175807,16.1,38.2,Sivir,BOTTOM,1,13,10,14,2.7,341,8.93,549.4,1052.1,20.9,49.1,1.29,0,0,353,15.4,62,0,0,48,0.76,816,17,276,966,22,-15,886.0,11,1,0,0,0,0,0
NA1_5461963905,1768178396,16.1,22.5,Jinx,BOTTOM,1,6,3,7,4.33,214,9.53,517.4,690.0,18.7,40.6,0.69,0,0,80,5.9,75,0,0,50,0.11,-1,12,470,152,16,184,612.0,10,2,0,0,0,0,0
NA1_5461998013,1768180326,16.1,19.9,Malphite,TOP,0,0,7,0,0,89,4.48,243.1,603.7,24.7,0,0.58,0,0,193,16.2,62,0,0,3,-0.38,-571,0,396,-1157,-12,-330,0,2,0,0,0,0,1,0
NA1_5462024711,1768181785,16.1,32.6,Lux,MIDDLE,0,7,10,6,1.3,198,6.07,413.6,595.8,16.7,40.6,0.57,0,0,320,16.4,70,0,0,13,-0.29,357,0,-91,651,5,293,732.0,1,0,0,0,0,0,0
NA1_5462116672,1768186237,16.1,39.2,Sivir,BOTTOM,0,10,9,11,2.33,320,8.16,460.8,1145.0,29.6,61.8,0.48,0,0,296,12.6,56,0,0,15.0,-0.32,-633,3,297,-403,-4,-104,981.0,7,2,0,0,0,0,0
NA1_5462804018,1768261447,16.1,32.7,Jhin,BOTTOM,0,7,5,2,1.8,282,8.63,488.5,717.4,30.3,56.2,0.98,0,1,124,6.3,61,0,0,94,0.13,1306,3,222,2153,9,322,0,3,1,0,0,0,0,0
NA1_5462835081,1768263659,16.1,26.1,Caitlyn,BOTTOM,1,2,7,8,1.43,156,5.98,411.3,619.0,16.7,35.7,0.55,0,0,173,11.1,64,0,0,2,-0.37,-735,-2,-81,-1432,-21,-498,896.0,7,0,0,0,0,0,0
NA1_5462892768,1768266913,16.1,32.8,Caitlyn,BOTTOM,0,8,12,6,1.17,242,7.37,510.7,1017.9,26.0,48.3,0.67,0,1,357,18.1,76,0,0,58.4,-0.38,1256,31,135,1798,50,151,834.0,13,1,0,0,0,0,0
NA1_5462934306,1768269237,16.1,32.2,Caitlyn,BOTTOM,1,5,10,12,1.7,268,8.31,433.4,754.9,18.3,48.6,0.34,0,0,301,15.6,69,0,0,14.0,-0.46,-1036,-5,-845,-1839,-15,-1023,663.0,1,0,0,0,0,0,0
NA1_5462985873,1768271845,16.1,31.4,MissFortune,BOTTOM,1,9,7,7,2.29,247,7.87,497.0,1028.2,23.0,32.0,0.45,0,4,281,14.9,72,1,0,106.0,-0.44,609,28,619,1334,38,1312,0,14,0,0,0,0,0,0
NA1_5463142807,1768279617,16.1,26.4,Caitlyn,BOTTOM,1,9,5,4,2.6,232,8.78,599.9,882.4,24.7,48.1,0.69,0,2,168,10.6,75,1,1,72.6,0.07,380,28,520,3287,52,1292,734.0,15,2,0,0,0,0,0
NA1_5463625280,1768343586,16.1,30.0,Sivir,BOTTOM,0,4,4,14,4.5,257,8.58,451.0,1025.0,19.9,52.9,0.58,0,0,165,9.2,59,0,0,27.0,0.1,-654,20,283,-1162,6,-65,0,8,0,0,0,0,0,0
NA1_5463692549,1768348692,16.1,28.8,Jhin,BOTTOM,0,5,9,10,1.67,196,6.8,458.4,597.6,21.3,71.4,0.8,0,0,239,13.8,52,0,0,27.0,0.26,7,-9,-469,-209,5,-160,0,6,1,0,0,0,1,0
NA1_5463724093,1768350706,16.1,21.0,MissFortune,BOTTOM,1,0,3,9,3,181,8.63,403.7,508.7,15.4,34.6,0.73,0,0,70,5.6,76,0,1,81,0.85,532,32,466,-204,34,126,957.0,10,0,0,0,0,1,0
NA1_5465352225,1768519271,16.1,33.9,MissFortune,BOTTOM,1,9,6,14,3.83,242,7.14,506.6,1209.6,22.5,67.6,0.77,0,0,198,9.7,66,0,0,37.5,-0.09,379,15,532,1218,25,457,797.0,17,1,0,0,0,1,0
NA1_5465382629,1768521681,16.1,22.6,Sivir,BOTTOM,1,4,2,6,5,200,8.83,500.3,502.5,12.6,27.0,0.59,0,0,38,2.8,55,1,0,58,-0.1,282,7,530,1354,18,1217,0,15,0,0,0,0,0,0
NA1_5466073087,1768592596,16.1,35.7,MissFortune,BOTTOM,0,1,9,4,0.56,251,7.03,347.3,605.1,19.4,19.2,0.68,0,0,309,14.4,66,0,0,19,-0.43,-200,-4,-16,-417,4,248,726.0,5,0,0,0,0,0,0
NA1_5466096679,1768595040,16.1,37.8,MissFortune,BOTTOM,1,18,10,17,3.5,266,7.03,588.2,1853.3,36.4,68.6,1.03,0,0,373,16.4,73,0,0,22,-0.05,568,11,-283,1263,22,71,0,20,4,2,0,0,0,0
NA1_5466125480,1768597824,16.1,46.5,MissFortune,BOTTOM,0,10,18,14,1.33,347,7.46,468.0,973.2,20.6,47.1,0.76,0,0,632,22.7,68,0,0,20,-0.22,-407,11,-535,-1532,-10,-1523,821.0,14,1,0,0,0,1,0
NA1_5466166211,1768601228,16.1,21.9,Sivir,BOTTOM,0,4,6,10,2.33,175,7.98,460.6,728.9,21.4,66.7,0.72,0,1,135,10.3,68,0,0,4,0.94,-297,-11,-17,-1518,-24,-231,0,3,0,0,0,0,1,0
NA1_5468689033,1768809001,16.1,29.3,MissFortune,BOTTOM,0,7,13,6,1,206,7.02,412.4,725.9,18.9,46.4,0.5,0,0,268,15.2,42,0,0,3,-0.13,322,-11,-98,-1420,-20,-1083,0,4,2,1,0,0,1,0
NA1_5468707937,1768811007,16.1,27.4,Sivir,BOTTOM,1,3,5,10,2.6,246,8.98,480.5,732.9,18.1,38.2,0.88,0,0,113,6.9,50,0,0,47.8,1.1,-182,-2,-108,42,2,288,853.0,17,0,0,0,0,0,0
NA1_5469866926,1768944866,16.1,36.7,Caitlyn,BOTTOM,0,3,10,3,0.6,282,7.69,428.8,563.9,11.2,18.8,1.17,0,0,302,13.7,70,0,0,24.2,0.58,-394,1,-130,90,5,-121,939.0,4,0,0,0,0,0,0
NA1_5470404304,1768975933,16.1,36.5,Caitlyn,BOTTOM,1,6,14,11,1.21,250,6.86,514.7,1186.3,23.0,43.6,0.74,0,0,474,21.7,56,0,0,2,-0.26,-33,-5,-24,654,-9,43,787.0,14,1,0,0,0,0,0
NA1_5470437527,1768978592,16.1,24.1,MissFortune,BOTTOM,0,4,8,1,0.62,206,8.56,440.5,650.5,25.2,31.2,0.52,0,0,196,13.6,67,0,0,8.0,-0.09,-371,5,1,-774,-5,-748,0,2,0,0,0,0,0,0
NA1_5470455330,1768980326,16.1,31.3,Sivir,BOTTOM,0,13,10,7,2,280,8.94,536.4,1520.0,38.6,64.5,0.57,0,4,268,14.3,72,0,1,72.2,0.0,2003,25,1355,1644,37,839,868.0,5,2,0,0,0,0,0
NA1_5470713568,1769026912,16.1,19.3,Caitlyn,BOTTOM,0,1,6,1,0.33,164,8.5,383.1,421.4,20.1,33.3,0.77,0,0,135,11.7,62,0,0,4,-0.07,-955,-13,-764,-1731,-17,-1616,0,4,0,0,0,0,1,0
NA1_5470729775,1769028396,16.1,27.5,Caitlyn,BOTTOM,0,3,8,3,0.75,213,7.74,419.2,736.6,19.6,30.0,0.65,0,0,256,15.5,69,0,0,14,0.2,-192,10,186,-654,0,-189,0,3,0,0,0,0,0,0
NA1_5470749071,1769030477,16.1,29.1,Jinx,BOTTOM,0,2,6,5,1.17,245,8.43,391.0,479.9,14.8,28.0,0.89,0,0,107,6.1,57,0,0,14.0,0.28,-897,-12,-407,-2560,-22,-1110,0,0,0,0,0,0,0,0
NA1_5470773174,1769032559,16.1,33.3,Sivir,BOTTOM,0,5,7,15,2.86,256,7.69,499.4,921.6,21.7,57.1,0.62,0,0,186,9.3,58,0,0,10.3,1.68,-549,-3,-797,-538,-3,-390,886.0,7,0,0,0,0,0,0
NA1_5472916588,1769227958,16.2,28.7,Brand,MIDDLE,0,9,11,3,1.09,187,6.51,448.0,1026.6,32.8,57.1,0.72,0,5,354,20.5,75,1,1,23,-0.28,822,14,837,1684,23,1665,0,2,0,0,0,0,0,0
NA1_5472961153,1769229973,16.2,33.7,Caitlyn,BOTTOM,0,5,6,6,1.83,247,7.33,507.9,1183.5,26.9,52.4,1.14,0,1,176,8.7,68,0,0,6,-0.15,-918,-9,-468,-490,-4,-109,1030.0,7,0,0,0,0,1,0
NA1_5473147859,1769240448,16.2,23.9,Caitlyn,BOTTOM,0,6,5,1,1.4,179,7.48,487.3,858.5,25.3,58.3,0.62,0,1,112,7.8,65,0,0,4,-0.21,298,-15,208,-560,-28,-619,0,4,0,0,0,0,0,0
NA1_5473168089,1769242230,16.2,30.3,Sivir,BOTTOM,0,1,8,2,0.38,251,8.28,397.7,446.1,14.5,13.6,0.79,0,0,237,13.0,67,0,0,4,0.39,-1009,-5,-873,-1690,-13,-1296,0,3,0,0,0,0,0,0
NA1_5473441772,1769282898,16.2,24.7,Caitlyn,BOTTOM,1,2,5,8,2,180,7.28,498.0,587.8,17.3,31.2,0.6,0,0,137,9.2,63,0,0,17,0.04,-1571,0,-227,-1208,-4,-146,887.0,13,0,0,0,0,1,0
NA1_5473468773,1769284855,16.2,36.2,Caitlyn,BOTTOM,1,13,5,9,4.4,280,7.72,629.9,1478.6,34.1,73.3,1.11,0,0,133,6.1,72,0,0,11,1.12,469,-2,-356,718,5,-511,0,12,2,0,0,0,0,0
NA1_5473501508,1769287428,16.2,2.0,Caitlyn,BOTTOM,1,0,0,0,0,11,5.55,408.2,56.2,7.4,0,0,0,0,0,0.0,9,0,0,0,0,,,,,,,0,0,0,0,0,0,0,1
NA1_5473513347,1769288098,16.2,32.9,Caitlyn,BOTTOM,1,10,6,6,2.67,274,8.33,586.0,1043.6,26.1,42.1,0.66,0,0,223,11.3,70,0,0,15,-0.18,-244,-10,75,-952,-1,-668,918.0,19,2,0,0,0,0,0
NA1_5473555192,1769290862,16.2,31.2,Caitlyn,BOTTOM,1,15,6,12,4.5,242,7.76,664.6,1524.9,38.6,73.0,0.68,1,3,153,8.2,53,0,0,65,-0.15,19,2,26,1336,13,17,0,13,3,0,0,0,0,0
NA1_5473608092,1769294201,16.2,35.4,Caitlyn,BOTTOM,1,7,5,6,2.6,282,7.97,507.1,1023.6,22.3,37.1,0.68,0,0,209,9.8,82,0,0,40,0.17,448,9,-67,772,21,5,776.0,6,2,0,0,0,0,0
NA1_5474486270,1769366708,16.2,31.3,Caitlyn,BOTTOM,0,11,7,2,1.86,249,7.96,508.2,1067.9,27.8,35.1,0.89,0,1,194,10.3,76,0,0,15,0.15,1219,7,232,2273,14,355,0,6,0,0,0,0,0,0
NA1_5475578698,1769455103,16.2,36.6,Caitlyn,BOTTOM,0,12,6,12,4,310,8.46,555.4,1613.0,36.6,85.7,0.86,1,0,170,7.7,79,0,0,24.6,-0.11,118,-13,-113,-31,-5,-171,0,10,1,0,0,0,0,0
NA1_5475619634,1769458164,16.2,34.2,Sivir,BOTTOM,1,17,4,14,7.75,306,8.93,671.4,1383.6,34.3,73.8,0.73,1,0,107,5.2,66,1,0,45,0.75,1009,1,756,1644,19,1275,851.0,22,4,1,0,0,0,0
NA1_5475652481,1769460651,16.2,34.4,Caitlyn,BOTTOM,0,0,6,0,0,114,3.31,227.8,115.2,3.0,0,0.44,0,0,119,5.8,62,0,0,7,-0.28,-1517,-15,-767,-3617,-53,-2199,0,0,0,0,0,0,0,0
NA1_5476813872,1769563916,16.2,48.5,Caitlyn,BOTTOM,1,8,7,11,2.71,396,8.16,511.6,934.8,22.4,42.2,1.08,1,0,223,7.7,75,0,0,48,0.2,340,8,137,1253,26,485,0,9,2,0,0,0,0,0
NA1_5476882682,1769567860,16.2,29.4,Ashe,BOTTOM,0,3,8,4,0.88,228,7.75,414.0,711.1,24.1,38.9,0.82,0,0,234,13.3,77,0,0,60,0.07,335,30,566,539,40,460,0,7,0,0,0,0,0,0
NA1_5477145706,1769582878,16.2,15.2,Lux,MIDDLE,0,0,5,1,0.2,98,6.43,290.1,407.8,18.3,14.3,0.6,0,0,106,11.6,64,0,0,5,-0.19,-1243,-3,-970,-2226,-2,-2258,0,2,0,0,0,0,1,0
NA1_5477164106,1769584313,16.2,28.2,Jhin,BOTTOM,0,2,5,3,1,220,7.8,389.5,538.8,18.9,33.3,0.97,0,0,130,7.7,74,0,0,4,0.76,-9,-9,-474,-648,-26,-904,0,3,0,0,0,0,1,0
NA1_5477431314,1769633288,16.2,35.8,Sivir,BOTTOM,0,3,7,13,2.29,297,8.3,479.9,727.9,17.1,51.6,0.86,0,0,223,10.4,62,0,0,63.6,-0.36,73,6,636,91,21,809,866.0,7,1,0,0,0,0,0
NA1_5477457924,1769635721,16.2,32.1,Caitlyn,BOTTOM,0,20,8,4,3,253,7.87,624.8,1529.2,39.6,63.2,0.68,1,3,256,13.3,63,0,1,22,0.11,1910,3,700,3008,3,683,820.0,9,3,1,0,0,0,0
NA1_5478166374,1769707433,16.2,27.9,Caitlyn,BOTTOM,1,5,1,8,13,255,9.16,560.3,863.6,25.1,43.3,0.54,0,0,28,1.7,78,1,0,70.0,-0.09,379,19,604,1178,29,1270,950.0,12,0,0,0,0,0,0
NA1_5478181135,1769709540,16.2,32.9,Tristana,MIDDLE,0,10,9,1,1.22,274,8.33,541.9,912.9,22.8,42.3,0.94,0,3,337,17.1,77,0,0,10,1.11,1098,4,929,-21,-19,-601,744.0,9,0,0,0,0,0,0
NA1_5480884264,1769971260,16.2,30.8,Jinx,BOTTOM,0,6,8,7,1.62,219,7.11,500.8,1012.6,26.8,44.8,0.65,1,1,239,12.9,56,0,0,2,0.04,-388,-12,-98,-1157,-13,200,0,8,0,0,0,0,0,0
NA1_5482020992,1770078440,16.2,33.8,Caitlyn,BOTTOM,0,7,6,4,1.83,277,8.2,479.3,735.8,21.3,42.3,0.71,0,3,268,13.2,78,0,0,45,0.5,1175,17,853,1330,13,902,830.0,13,1,0,0,0,0,0
NA1_5482063994,1770081229,16.2,27.4,Caitlyn,BOTTOM,0,4,6,2,1,261,9.54,464.6,592.5,18.4,24.0,0.73,0,0,176,10.7,71,0,0,16,1.08,-705,-11,-406,-218,-13,-661,0,8,0,0,0,0,1,0
NA1_5482566350,1770137703,16.2,39.4,Caitlyn,BOTTOM,0,4,7,3,1,315,7.99,434.1,780.2,23.0,25.0,0.83,0,1,249,10.5,59,0,0,8,0.12,384,2,-379,-499,-7,-760,748.0,5,1,0,0,0,0,0
NA1_5482583377,1770140456,16.2,34.7,Jinx,BOTTOM,1,14,2,10,12,303,8.72,577.3,1034.2,31.8,77.4,0.61,0,1,14,0.7,53,0,0,36.2,-0.39,-358,-9,18,-527,-7,444,0,14,3,3,1,0,0,0
NA1_5482601191,1770142917,16.2,31.8,Caitlyn,BOTTOM,1,9,5,6,3,252,7.92,524.6,903.1,19.3,34.1,0.64,0,1,223,11.7,61,0,0,1,-0.31,568,-6,-200,763,-11,-178,930.0,7,0,0,0,0,0,0
NA1_5482723801,1770155431,16.2,45.3,Caitlyn,MIDDLE,0,9,14,8,1.21,344,7.6,498.7,956.2,23.4,40.5,1.01,0,0,496,18.3,71,0,0,79.8,0.48,-1042,-16,-1679,-1975,-26,-2965,0,16,1,1,0,0,0,0
NA1_5484289155,1770319814,16.3,40.8,Sivir,BOTTOM,1,11,3,9,6.67,381,9.34,579.5,1553.3,46.2,60.6,1.26,0,0,139,5.7,68,0,0,29.8,1.63,-647,-20,-76,-563,-17,154,0,13,3,1,1,0,0,0
NA1_5485199303,1770412726,16.3,17.1,Brand,MIDDLE,1,2,2,2,2,132,7.73,353.4,477.2,16.3,18.2,0.55,0,1,70,6.8,83,0,0,1,0.6,116,-14,228,-342,-22,-215,738.0,3,0,0,0,0,1,0
NA1_5486319461,1770510659,16.3,36.7,Caitlyn,BOTTOM,1,14,6,7,3.5,312,8.5,614.7,1368.7,29.4,51.2,0.69,0,3,247,11.2,71,0,0,59.0,1.06,1030,11,-376,1393,12,71,927.0,12,3,1,0,0,0,0
NA1_5486374056,1770513983,16.3,24.2,Jinx,BOTTOM,1,2,4,8,2.5,197,8.15,444.7,524.2,13.8,31.2,0.43,0,0,81,5.6,76,0,0,8,0.42,-636,-10,75,-1567,-32,-209,733.0,14,0,0,0,0,0,0
NA1_5486401393,1770515719,16.3,36.8,Sivir,BOTTOM,0,4,6,11,2.5,440,11.97,576.3,1045.6,24.5,55.6,0.49,0,0,166,7.5,71,0,0,207.8,-0.37,-525,-4,-43,-670,2,202,0,4,1,0,0,0,0,0
NA1_5487079289,1770580317,16.3,32.9,MissFortune,BOTTOM,1,11,7,9,2.86,248,7.54,610.5,1190.7,29.3,64.5,0.67,0,0,235,11.9,64,0,0,32,0.17,996,4,41,509,2,-156,0,12,2,0,0,0,0,0
NA1_5487110399,1770582611,16.3,33.9,Sivir,BOTTOM,1,8,4,21,7.25,289,8.53,565.2,1205.7,22.3,67.4,0.54,0,0,127,6.2,56,0,0,10,0.8,-473,-27,-501,-306,-33,258,864.0,14,0,0,0,0,0,0
NA1_5487148789,1770585242,16.3,25.0,Jinx,BOTTOM,0,2,8,1,0.38,219,8.77,405.1,385.4,18.7,33.3,0.58,0,0,163,10.9,73,0,0,7,1.06,-650,-10,-671,216,-1,-60,0,3,1,0,0,0,0,0
NA1_5487259130,1770593317,16.3,26.1,Caitlyn,BOTTOM,0,7,6,6,2.17,211,8.1,527.8,721.5,23.0,54.2,0.53,0,1,212,13.6,75,0,0,52,-0.28,1395,13,402,2032,23,700,0,8,0,0,0,0,0,0
NA1_5487279596,1770595136,16.3,36.8,Caitlyn,BOTTOM,0,4,8,7,1.38,268,7.29,431.1,1066.1,27.0,35.5,0.42,0,0,239,10.8,74,0,0,49.2,-0.24,687,4,56,661,-8,-224,0,12,0,0,0,0,0,0
NA1_5489524898,1770844772,16.3,44.5,Sivir,BOTTOM,0,9,7,14,3.29,368,8.28,539.4,1276.2,22.2,40.4,0.94,0,1,233,8.7,56,0,0,98.6,0.35,-69,-5,412,909,1,869,0,13,2,0,0,0,0,0
NA1_5489553629,1770848170,16.3,25.3,MissFortune,BOTTOM,0,6,8,7,1.62,189,7.48,521.2,812.1,23.3,61.9,0.67,0,1,237,15.6,77,0,0,28,2.41,825,16,352,1073,11,-64,0,4,0,0,0,0,0,0
NA1_5489573519,1770850053,16.3,34.6,Caitlyn,BOTTOM,1,12,2,5,8.5,291,8.42,556.1,789.5,20.3,44.7,0.69,0,1,89,4.3,66,0,0,21,-0.18,1444,-4,25,2112,5,227,854.0,12,1,0,0,0,0,0
NA1_5490016373,1770879110,16.3,17.1,Sivir,BOTTOM,0,1,4,0,0.25,137,7.99,375.3,341.9,20.3,16.7,0.48,0,0,85,8.3,66,0,0,0,-0.0,-1331,-2,-120,-2246,-13,-1551,0,0,0,0,0,0,1,0
NA1_5490033027,1770880501,16.3,26.6,Sivir,BOTTOM,0,3,6,6,1.5,222,8.35,437.9,895.2,19.7,37.5,0.77,0,0,144,9.0,44,0,0,0,-0.05,-1398,-39,122,-2176,-40,-92,0,0,0,0,0,0,0,0
NA1_5490049593,1770882536,16.3,35.7,MissFortune,BOTTOM,1,16,8,17,4.12,264,7.39,632.8,1365.0,23.9,53.2,0.67,1,2,257,12.0,60,0,0,93.8,1.47,590,12,60,187,9,-87,0,15,0,0,0,0,0,0
NA1_5490071955,1770885372,16.3,22.8,Caitlyn,BOTTOM,0,3,4,2,1.25,204,8.94,492.2,726.4,19.1,26.3,0.66,0,0,91,6.6,77,0,1,74,0.26,851,34,543,1298,46,586,0,8,0,0,0,0,0,0
NA1_5495055325,1771440668,16.3,34.4,Jinx,BOTTOM,1,9,7,12,3,246,7.15,512.8,1031.2,26.6,63.6,0.77,0,0,179,8.7,42,0,0,2,-0.43,-630,-4,-524,-851,3,-95,0,7,3,0,0,0,0,0
NA1_5495077172,1771443434,16.3,28.6,Varus,BOTTOM,0,5,6,3,1.33,240,8.38,453.6,661.2,22.6,40.0,0.8,0,2,155,9.0,60,0,0,3.0,1.18,321,-14,-104,328,-11,179,0,10,0,0,0,0,1,0
NA1_5495092540,1771445617,16.3,25.8,Caitlyn,BOTTOM,1,5,4,6,2.75,211,8.18,466.6,824.8,21.4,42.3,0.54,0,0,76,4.9,67,0,0,18,-0.22,-549,-12,-706,-261,-9,-459,1064.0,10,1,1,0,0,0,0
NA1_5495108986,1771447504,16.3,33.6,Caitlyn,BOTTOM,1,13,8,11,3,242,7.21,617.6,1144.9,29.2,70.6,0.61,0,0,287,14.3,65,1,1,55,-0.39,1869,20,594,2469,37,1278,853.0,12,4,2,0,0,0,0
NA1_5495131888,1771450005,16.3,24.8,Caitlyn,BOTTOM,1,15,1,4,19,223,8.99,740.8,1192.1,32.7,61.3,0.57,0,1,16,1.1,72,1,0,72,-0.3,1024,19,859,4418,44,2283,801.0,17,3,0,0,0,1,0
NA1_5495148040,1771451944,16.3,27.8,Sivir,BOTTOM,0,2,11,4,0.55,161,5.78,361.0,626.7,21.6,37.5,0.42,0,0,301,18.0,51,0,0,2,-0.52,-390,-9,-119,-261,-4,-176,953.0,2,0,0,0,0,0,0
NA1_5495166645,1771454049,16.3,28.4,MissFortune,BOTTOM,1,12,6,10,3.67,197,6.94,540.9,1094.5,25.5,53.7,0.51,0,0,181,10.6,59,0,0,45,0.26,414,18,351,1097,20,737,888.0,8,2,0,0,0,0,0
NA1_5495294799,1771464250,16.3,28.5,MissFortune,BOTTOM,0,7,9,6,1.44,211,7.4,511.6,744.8,24.1,61.9,0.56,0,1,233,13.6,62,0,0,31.0,-0.25,-220,-2,-613,360,12,14,0,2,1,0,0,0,0,0
NA1_5495324399,1771466267,16.3,15.6,MissFortune,BOTTOM,1,7,1,8,15,130,8.36,608.8,673.7,24.1,71.4,0.57,0,0,0,0.0,60,1,1,40,-0.32,1187,24,1027,3514,40,2035,699.0,7,2,0,0,0,1,0
NA1_5495346504,1771467606,16.3,26.6,Brand,UTILITY,1,1,4,10,2.75,33,1.24,323.6,830.4,18.9,33.3,3.34,5,0,81,5.1,12,0,0,0,0.14,232,-12,300,296,-19,-41,637.0,13,0,0,0,0,0,0
NA1_5495512191,1771477061,16.3,37.0,Caitlyn,BOTTOM,0,13,4,7,5,310,8.37,592.9,1648.8,36.3,60.6,0.83,0,0,158,7.1,56,0,0,72.1,0.15,311,-7,-206,1548,11,408,962.0,9,1,0,0,0,0,0
NA1_5496844170,1771639778,16.4,34.1,MissFortune,BOTTOM,1,22,5,6,5.6,260,7.63,713.4,1437.7,37.9,75.7,1.15,2,0,150,7.3,67,0,0,41.4,0.95,-203,0,77,-246,-8,353,0,8,4,2,0,0,0,0
NA1_5496969940,1771646751,16.4,30.1,Lux,MIDDLE,1,6,3,5,3.67,246,8.18,450.2,821.5,18.5,34.4,0.96,1,1,60,3.3,90,0,0,32,1.5,-477,9,216,-483,3,174,760.0,14,1,0,0,0,0,0
NA1_5497022949,1771649506,16.4,38.0,Sivir,BOTTOM,1,10,4,13,5.75,334,8.78,575.3,1343.5,28.9,57.5,0.72,0,0,183,8.0,78,0,0,35.0,-0.2,688,4,245,1455,6,221,1068.0,11,2,1,0,0,0,0
NA1_5497076306,1771652662,16.4,34.6,Sivir,BOTTOM,0,14,7,6,2.86,292,8.44,587.0,1452.7,38.2,54.1,1.05,1,0,231,11.1,86,0,0,32.2,0.3,625,19,-322,988,25,-76,0,17,2,1,1,0,0,0
NA1_5497332811,1771692222,16.4,40.6,Sivir,BOTTOM,0,7,8,10,2.12,337,8.3,530.9,1416.7,30.9,54.8,0.69,1,1,198,8.1,72,0,0,76.8,0.23,60,15,670,-629,5,-102,0,15,1,0,0,0,0,0
NA1_5497412866,1771701861,16.4,32.6,Caitlyn,BOTTOM,0,9,8,5,1.75,291,8.92,578.3,699.7,22.4,40.0,0.89,0,2,226,11.5,72,0,0,15,0.06,1032,9,526,101,-8,-131,0,4,0,0,0,0,0,0
NA1_5497432629,1771704081,16.4,30.4,Caitlyn,BOTTOM,1,7,7,13,2.86,265,8.71,626.3,1257.6,31.4,64.5,0.88,0,1,187,10.2,77,0,1,53,0.34,929,31,520,1623,34,582,823.0,18,0,0,0,0,0,0
NA1_5497985660,1771741489,16.4,32.9,Caitlyn,BOTTOM,1,4,6,12,2.67,287,8.73,522.0,1027.8,21.3,39.0,1.04,1,1,183,9.3,61,1,1,111.0,-0.1,1121,43,1188,2402,65,1560,909.0,10,0,0,0,0,0,0
NA1_5498021236,1771743849,16.4,31.5,Caitlyn,BOTTOM,1,5,8,5,1.25,265,8.42,492.6,635.1,18.0,31.2,0.72,0,2,217,11.5,73,0,0,19,-0.39,-439,-3,-56,-1457,-16,-661,820.0,10,0,0,0,0,0,0
NA1_5498059421,1771747378,16.4,27.4,Jinx,BOTTOM,1,4,3,3,2.33,264,9.64,501.0,520.7,19.5,25.0,0.8,0,1,73,4.4,78,0,0,44,0.13,605,20,329,992,15,-108,905.0,12,0,0,0,0,0,0
NA1_5499301367,1771891325,16.4,31.7,MissFortune,BOTTOM,0,4,7,2,0.86,253,7.99,494.8,636.2,20.3,35.3,0.54,0,1,231,12.2,73,0,0,27,-0.53,458,12,504,444,5,124,651.0,2,0,0,0,0,0,0
NA1_5499328634,1771893495,16.4,31.7,Jhin,BOTTOM,0,2,8,6,1,247,7.8,432.8,573.3,18.8,42.1,0.46,0,0,231,12.2,59,0,0,0,-0.23,-609,-10,-327,-1118,-12,-80,0,3,0,0,0,0,0,0
NA1_5499367013,1771895985,16.4,27.9,MissFortune,BOTTOM,0,5,7,6,1.57,210,7.54,526.8,523.1,20.3,44.0,0.76,1,0,222,13.3,60,0,0,43.2,0.45,299,5,462,1173,17,232,0,1,0,0,0,0,0,0
NA1_5499402153,1771898184,16.4,22.8,Sivir,BOTTOM,0,1,6,0,0.17,208,9.13,409.7,351.1,13.6,14.3,0.88,0,0,135,9.9,66,0,0,10,0.62,-441,-20,-401,-743,-8,-538,0,3,0,0,0,0,0,0
NA1_5499844621,1771955661,16.4,32.1,Caitlyn,BOTTOM,1,7,4,11,4.5,265,8.26,517.1,1088.8,26.2,50.0,0.45,0,1,158,8.2,69,1,0,36.0,0.11,1673,29,1048,1786,23,1013,843.0,11,0,0,0,0,0,0
NA1_5499859344,1771957875,16.4,25.2,Caitlyn,BOTTOM,1,12,2,7,9.5,225,8.92,682.2,1074.6,24.6,52.8,0.53,0,1,58,3.8,67,0,0,74.8,0.48,617,21,335,347,22,799,658.0,17,4,0,0,0,0,0
NA1_5499873781,1771959741,16.4,19.8,Caitlyn,BOTTOM,0,3,5,2,1,156,7.87,400.2,558.6,26.9,55.6,0.47,0,1,135,11.3,72,0,1,43,-0.12,851,19,624,575,24,541,0,5,1,0,0,0,1,0
NA1_5499885443,1771961401,16.4,33.2,Caitlyn,BOTTOM,0,13,9,11,2.67,265,7.99,613.5,1587.0,31.8,55.8,0.72,0,2,292,14.7,67,0,0,14,-0.39,-886,-4,286,-617,-5,510,909.0,5,1,0,0,0,0,0
NA1_5500619255,1772050627,16.4,27.6,Sivir,BOTTOM,1,4,4,7,2.75,203,7.36,431.5,937.1,18.6,33.3,0.49,0,0,119,7.2,61,0,0,13,1.92,-191,3,-434,-731,5,-724,0,2,1,0,0,0,0,0
NA1_5500637005,1772052585,16.4,23.1,Caitlyn,BOTTOM,1,8,6,8,2.67,185,7.99,566.3,891.1,23.5,45.7,0.81,1,2,158,11.4,64,0,0,8,0.95,460,14,430,158,4,-416,732.0,15,1,0,0,0,0,0
NA1_5500651105,1772054486,16.4,28.1,Caitlyn,BOTTOM,1,6,4,8,3.5,210,7.46,494.6,846.3,16.6,32.6,0.43,0,0,128,7.6,80,0,0,15,0.37,-98,-7,-251,-405,-2,-691,693.0,11,0,0,0,0,0,0
NA1_5501365513,1772142625,16.4,28.0,MissFortune,BOTTOM,1,6,3,8,4.67,220,7.85,497.9,739.0,16.0,40.0,0.75,0,0,75,4.5,73,0,1,83.6,0.22,837,38,775,1595,53,697,742.0,9,0,0,0,0,0,0
NA1_5501385181,1772144665,16.4,33.2,Caitlyn,BOTTOM,0,12,12,5,1.42,257,7.73,590.4,1129.5,35.6,70.8,0.53,0,2,381,19.1,86,0,0,74,-0.21,28,26,264,334,32,171,0,12,2,0,0,0,0,0
NA1_5501404507,1772146981,16.4,29.3,Caitlyn,BOTTOM,0,1,7,2,0.43,249,8.5,392.0,661.3,26.8,25.0,0.77,0,0,226,12.9,78,0,0,40,-0.4,495,31,349,-1177,15,-563,0,6,0,0,0,0,0,0
NA1_5501975905,1772218022,16.4,31.4,Sivir,BOTTOM,1,9,1,6,15,311,9.89,578.6,1635.9,35.2,41.7,0.79,0,0,43,2.3,76,0,0,52.4,-0.02,64,0,210,433,6,300,843.0,16,3,0,0,0,1,0
NA1_5501991862,1772220317,16.4,30.8,Lux,MIDDLE,0,4,5,7,2.2,235,7.64,372.8,639.3,23.3,50.0,0.75,0,1,185,10.0,67,0,0,13,0.41,411,-8,-68,753,-9,52,941.0,4,0,0,0,0,0,0
NA1_5503135213,1772338600,16.4,26.7,Caitlyn,BOTTOM,1,1,4,12,3.25,195,7.31,422.2,695.9,17.5,36.1,0.69,0,0,149,9.3,53,0,0,9,0.08,-274,-4,313,263,-11,455,954.0,6,0,0,0,0,0,0
NA1_5503168898,1772340540,16.4,36.0,Caitlyn,BOTTOM,1,13,10,10,2.3,303,8.42,601.7,1414.9,29.0,52.3,0.75,0,1,307,14.2,55,0,0,60.0,0.67,-244,3,-467,-1064,-4,-1420,0,7,3,2,0,0,1,0
NA1_5503209831,1772343098,16.4,36.7,Caitlyn,BOTTOM,0,15,9,8,2.56,298,8.11,554.4,1372.8,35.0,59.0,0.5,0,0,328,14.9,85,0,0,47.0,-0.57,1415,18,773,934,12,457,794.0,6,2,0,0,0,0,0
NA1_5503588812,1772398620,16.4,30.7,Caitlyn,BOTTOM,0,3,5,6,1.8,233,7.59,427.9,702.1,21.9,42.9,0.92,0,0,113,6.1,63,0,0,14,-0.21,-479,-2,-268,-620,-11,-944,0,6,0,0,0,0,0,0
NA1_5503615112,1772401001,16.4,33.0,Jhin,BOTTOM,1,15,8,11,3.25,228,6.91,560.7,1092.8,21.6,53.1,0.7,0,0,243,12.3,75,0,0,40,-0.14,-162,6,-130,353,16,-62,700.0,15,4,2,0,0,1,0
NA1_5504269504,1772480383,16.4,25.4,Sivir,BOTTOM,1,7,1,16,23,236,9.29,604.4,802.8,23.0,69.7,0.53,0,0,25,1.6,67,0,0,36,-0.01,669,11,658,1141,24,1240,948.0,18,1,0,0,0,0,0
NA1_5504308701,1772485861,16.4,30.1,Caitlyn,BOTTOM,0,7,9,9,1.78,219,7.28,468.6,1157.1,30.4,72.7,0.75,0,1,252,14.0,67,0,0,26,0.14,95,16,283,701,18,65,945.0,13,0,0,0,0,0,0
NA1_5504328155,1772487923,16.4,1.1,Sivir,BOTTOM,0,0,0,0,0,0,0.0,446.5,0,0,0,0,0,0,0,0.0,0,0,0,0,0,,,,,,,0,0,0,0,0,0,0,1
NA1_5504502366,1772503425,16.4,37.5,Sona,UTILITY,0,2,10,16,1.8,34,0.91,294.9,448.9,8.8,58.1,2.94,5,1,263,11.7,14,0,0,6,0.05,-363,2,-661,-590,-1,-926,0,5,0,0,0,0,0,0
NA1_5504956936,1772568728,16.4,27.5,Jhin,BOTTOM,1,9,3,7,5.33,231,8.41,510.2,858.7,20.9,42.1,0.59,1,1,61,3.7,78,0,0,64.0,0.22,892,22,169,1587,40,569,789.0,13,3,0,0,0,0,0
NA1_5505099451,1772584764,16.4,32.4,Caitlyn,BOTTOM,0,9,5,2,2.2,293,9.04,547.7,1211.3,24.2,39.3,0.57,0,1,142,7.3,75,0,0,37,-0.34,207,15,814,776,25,1453,915.0,20,1,0,0,0,0,0
NA1_5505132157,1772587255,16.4,15.3,Caitlyn,BOTTOM,0,2,3,0,0.67,115,7.53,385.0,453.4,29.0,50.0,0.92,0,0,62,6.8,70,0,0,41,0.69,567,27,540,812,18,442,0,2,0,0,0,0,1,0
NA1_5505644633,1772660585,16.5,36.9,Sivir,BOTTOM,1,14,4,13,6.75,349,9.46,625.8,1714.2,34.3,65.9,0.7,1,1,188,8.5,78,0,0,55.8,0.35,1591,16,0,2340,31,498,0,20,3,0,0,0,0,0
NA1_5505667100,1772663093,16.5,36.1,Sivir,BOTTOM,1,3,4,13,4,375,10.39,546.0,536.8,13.5,38.1,1.14,2,0,106,4.9,66,0,0,46,0.42,-269,-13,-411,-319,-15,-17,938.0,9,0,0,0,0,0,0
NA1_5505691575,1772665638,16.5,29.9,Caitlyn,BOTTOM,0,4,7,11,2.14,243,8.12,511.0,1003.0,22.4,44.1,0.49,0,0,207,11.5,71,0,0,26.8,-0.49,359,7,224,-462,-7,-424,0,10,1,0,0,0,0,0
NA1_5505710720,1772667757,16.5,24.9,Caitlyn,BOTTOM,1,4,4,3,1.75,192,7.72,458.0,684.7,16.9,20.6,1.02,0,0,124,8.3,74,0,0,60,0.53,435,19,-237,668,26,-467,0,14,0,0,0,0,1,0
NA1_5506519171,1772764384,16.5,37.0,Caitlyn,BOTTOM,1,11,6,6,2.83,281,7.59,538.3,1518.6,26.1,47.2,0.39,0,1,191,8.6,75,0,0,35.8,-0.71,672,19,385,79,11,595,903.0,13,1,0,0,0,0,0
NA1_5507201133,1772851720,16.5,18.1,Sivir,BOTTOM,0,3,0,1,4,152,8.42,460.5,541.5,22.8,50.0,0.51,0,0,0,0.0,70,0,0,3,-0.16,-246,-14,98,-1736,-18,218,960.0,6,0,0,0,0,1,0
NA1_5507224908,1772853236,16.5,33.7,Caitlyn,BOTTOM,0,4,9,8,1.33,210,6.24,401.3,911.9,18.7,46.2,0.64,0,0,303,15.0,73,0,0,8,-0.26,-977,-10,-289,-2393,-21,-1017,0,0,1,0,0,0,0,0
NA1_5508579207,1773012703,16.5,30.2,Sivir,BOTTOM,1,4,7,14,2.57,219,7.26,483.5,759.3,20.1,64.3,0.44,0,0,168,9.3,61,0,0,16,-0.37,-909,8,-357,-1934,-7,-1141,0,13,0,0,0,0,0,0
NA1_5508608523,1773014942,16.5,27.3,Caitlyn,BOTTOM,0,7,4,6,3.25,206,7.54,486.6,1030.0,21.4,34.2,0.58,0,1,101,6.2,62,0,0,7,-0.19,-610,5,246,-815,2,150,725.0,8,1,0,0,0,0,0
NA1_5508637029,1773016972,16.5,39.6,MissFortune,BOTTOM,1,19,5,11,6,317,8.01,700.6,1689.0,28.8,55.6,0.7,0,2,210,8.8,67,0,0,120.1,0.24,-177,0,171,-234,-9,231,0,17,1,1,0,0,0,0
NA1_5508693801,1773020780,16.5,33.4,MissFortune,BOTTOM,1,8,11,8,1.45,216,6.48,467.5,703.9,16.4,35.6,0.59,0,1,358,17.9,61,1,0,43,-0.36,336,11,237,1380,13,998,0,5,2,0,0,0,0,0
NA1_5508751509,1773024587,16.5,33.4,Jinx,BOTTOM,1,9,4,11,5,308,9.21,568.4,1013.9,30.7,60.6,0.89,2,0,138,6.9,71,0,0,20,0.4,981,19,475,879,18,393,0,19,1,1,0,0,1,0
NA1_5508857715,1773031930,16.5,32.1,Sivir,BOTTOM,1,4,5,9,2.6,247,7.7,458.2,618.0,11.4,29.5,0.77,0,1,169,8.8,61,0,0,14,-0.0,-565,-2,85,-136,4,294,878.0,5,0,0,0,0,0,0
NA1_5509854591,1773182701,16.5,30.4,Jhin,BOTTOM,0,4,6,5,1.5,233,7.67,434.5,644.7,23.8,45.0,0.56,0,0,166,9.1,69,1,0,54.0,-0.39,281,8,288,1727,28,1019,911.0,4,0,0,0,0,0,0
NA1_5510158971,1773204085,16.5,37.0,Sivir,BOTTOM,0,6,9,8,1.56,327,8.85,487.9,671.4,19.2,56.0,0.57,1,0,221,10.0,57,0,0,25.0,-0.5,-820,-15,-320,-962,-21,-261,791.0,3,0,0,0,0,0,0
NA1_5510541802,1773271028,16.5,24.7,Caitlyn,BOTTOM,0,4,5,3,1.4,220,8.89,458.1,862.0,29.4,46.7,0.83,0,1,149,10.0,92,0,0,76.1,0.32,709,29,713,584,30,560,0,4,1,0,0,0,0,0
NA1_5510559354,1773272873,16.5,35.5,Caitlyn,BOTTOM,1,4,6,7,1.83,256,7.22,451.2,660.8,12.9,29.7,0.78,0,0,195,9.2,55,0,0,65.6,0.01,-468,-10,-446,-125,-4,301,0,9,0,0,0,0,0,0
NA1_5510865142,1773296165,16.5,26.4,Lux,MIDDLE,1,5,5,9,2.8,218,8.25,424.2,655.8,17.7,40.0,0.87,1,2,161,10.2,68,0,0,34,-0.19,-620,-10,-666,-44,8,171,871.0,10,1,0,0,0,0,0
NA1_5511418134,1773374960,16.5,30.9,Caitlyn,BOTTOM,0,6,9,7,1.44,214,6.92,495.8,772.3,23.9,50.0,0.44,0,0,243,13.1,56,0,0,10,0.05,955,-2,-1197,1607,5,-384,860.0,7,0,0,0,0,1,0
NA1_5511445097,1773377080,16.5,26.1,Sivir,BOTTOM,0,2,4,3,1.25,215,8.22,433.2,442.4,18.7,50.0,0.58,0,0,62,4.0,53,0,0,1,0.0,-1415,-19,-409,-3043,-29,-1145,743.0,2,0,0,0,0,1,0
NA1_5511699181,1773428267,16.5,32.1,Sivir,BOTTOM,0,5,4,7,3,301,9.36,462.0,798.6,26.6,46.2,0.56,0,0,119,6.2,68,0,0,74.2,-0.16,280,11,438,1121,21,517,0,2,0,0,0,0,1,0
NA1_5512529310,1773528196,16.5,28.6,MissFortune,BOTTOM,0,6,11,3,0.82,216,7.55,530.6,721.6,26.0,64.3,0.81,0,0,240,14.0,63,0,0,22,-0.34,79,3,-250,98,10,-94,0,3,0,0,0,0,1,0
NA1_5513176129,1773606063,16.5,28.1,MissFortune,BOTTOM,0,6,6,1,1.17,234,8.34,479.4,909.7,28.1,35.0,1.2,0,1,235,14.0,78,1,0,56,5.71,1742,34,672,3177,41,1597,0,6,0,0,0,0,0,0
NA1_5513198160,1773607990,16.5,24.7,Senna,BOTTOM,0,2,7,3,0.71,163,6.59,347.4,497.8,19.0,41.7,0.53,0,0,186,12.5,65,0,0,14,0.25,440,-1,-406,-2268,-14,-1366,0,2,0,0,0,0,1,0
NA1_5514452065,1773772295,16.5,28.1,Caitlyn,BOTTOM,0,7,5,3,2,238,8.48,446.3,690.1,18.9,38.5,0.57,0,1,110,6.5,71,0,0,18,-0.1,-218,10,-178,-1102,-7,-927,0,0,0,0,0,0,0,0
NA1_5514465863,1773774306,16.5,27.8,Caitlyn,BOTTOM,1,9,6,8,2.83,215,7.73,553.9,601.2,15.3,43.6,0.78,0,1,168,10.1,54,0,0,3,2.05,459,-12,-629,466,-20,-1280,873.0,18,0,0,0,0,1,0
NA1_5514493564,1773778846,16.5,28.9,Caitlyn,BOTTOM,0,2,8,7,1.12,227,7.86,426.5,667.9,24.0,45.0,0.39,0,0,234,13.5,77,0,0,12,-0.44,-318,2,-93,-66,-3,-36,1108.0,2,0,0,0,0,0,0
NA1_5514509548,1773780924,16.5,30.3,Caitlyn,BOTTOM,0,7,5,4,2.2,274,9.05,569.0,1093.6,27.7,55.0,0.49,0,4,143,7.9,85,1,0,37.5,-0.35,1466,28,849,1364,30,1216,0,4,0,0,0,0,0,0
NA1_5515071239,1773860619,16.6,33.2,MissFortune,BOTTOM,1,12,2,9,10.5,310,9.32,629.8,953.6,32.5,65.6,0.84,0,0,63,3.2,61,0,1,80.2,-0.05,1764,20,60,1891,32,-51,0,22,3,0,0,0,0,0
NA1_5515087405,1773862887,16.6,25.3,MissFortune,BOTTOM,0,4,8,7,1.38,190,7.51,502.1,694.1,25.4,61.1,0.55,0,0,182,12.0,63,0,0,4,0.25,-775,0,-748,-1779,-7,-1453,0,4,1,0,0,0,0,0
NA1_5515100290,1773864704,16.6,48.2,MissFortune,BOTTOM,1,19,9,6,2.78,368,7.63,600.7,1406.4,35.9,62.5,0.59,0,1,403,13.9,69,0,0,40,-0.45,270,18,-633,1892,33,-83,1007.0,10,3,0,0,0,0,0
NA1_5515131051,1773868271,16.6,1.4,MissFortune,BOTTOM,1,0,1,0,0,0,0.0,389.4,713.9,65.5,0,0,0,0,10,11.6,0,0,0,0,0,,,,,,,0,0,0,0,0,0,0,1
NA1_5515131712,1773868669,16.6,32.0,Brand,MIDDLE,0,4,8,8,1.5,217,6.78,357.5,944.0,27.6,52.2,0.53,0,0,198,10.3,57,0,0,28.0,-0.54,-1222,-4,-987,-716,-8,-1084,0,1,0,0,0,0,0,0
NA1_5515162533,1773871891,16.6,32.4,MissFortune,BOTTOM,1,8,7,8,2.29,255,7.87,545.2,862.2,22.8,51.6,0.44,0,1,181,9.3,62,0,0,53,-0.46,309,18,338,1407,31,241,999.0,15,0,0,0,0,0,0
NA1_5515188048,1773874201,16.6,22.1,MissFortune,BOTTOM,1,9,1,7,16,199,9.01,603.4,1187.2,34.4,76.2,0.65,0,0,0,0.0,65,0,0,8,0.31,212,-9,360,703,-6,803,964.0,9,3,1,0,0,0,0
NA1_5515206252,1773876158,16.6,34.7,MissFortune,BOTTOM,0,4,3,4,2.67,327,9.43,528.8,1090.3,34.0,33.3,0.65,0,0,87,4.2,69,1,0,49.6,-0.07,902,29,718,1929,33,1029,0,10,1,0,0,0,0,0
NA1_5515781928,1773952530,16.6,23.7,MissFortune,BOTTOM,1,12,1,6,18,220,9.28,673.8,1052.7,24.1,54.5,0.67,0,2,10,0.7,80,1,0,60.2,-0.03,1482,22,527,4028,34,1165,728.0,22,1,0,0,0,0,0
NA1_5515794006,1773954299,16.6,27.4,MissFortune,BOTTOM,0,12,6,5,2.83,253,9.24,653.6,966.6,33.1,85.0,0.77,0,2,152,9.3,73,0,0,52.6,0.48,405,23,-109,1440,15,119,0,3,2,0,0,0,0,0
NA1_5515808661,1773956303,16.6,25.2,MissFortune,BOTTOM,1,13,0,7,20,251,9.94,655.2,1084.5,30.9,62.5,1.08,0,1,0,0.0,68,1,1,36,0.84,819,6,859,1705,27,1577,0,12,2,0,0,0,1,0
NA1_5516331862,1774028432,16.6,42.3,MissFortune,BOTTOM,1,16,4,10,6.5,401,9.49,671.3,1503.5,35.2,72.2,0.94,0,1,146,5.8,63,0,0,147.2,-0.16,-371,10,332,1041,28,1175,0,20,2,1,0,0,0,0
NA1_5516350979,1774031543,16.6,37.5,Brand,MIDDLE,1,6,9,16,2.44,228,6.08,372.7,1030.2,22.1,43.1,0.71,2,4,403,17.9,85,1,0,59,-0.15,1423,30,1052,1772,44,1681,0,13,0,0,0,0,0,0
NA1_5516496807,1774049329,16.6,33.1,MissFortune,BOTTOM,0,4,7,5,1.29,234,7.07,419.7,701.9,21.9,52.9,0.5,1,0,221,11.1,64,0,0,25,-0.02,783,6,437,705,9,287,0,4,0,0,0,0,0,0
NA1_5516520291,1774051676,16.6,33.5,Malphite,TOP,0,2,8,11,1.62,164,4.9,324.8,480.1,14.4,44.8,0.85,0,1,272,13.5,65,0,0,1,0.12,-1354,-25,-409,-2103,-34,-1405,0,2,0,0,0,0,0,0
NA1_5517334069,1774146962,16.6,31.9,MissFortune,BOTTOM,1,8,3,6,4.67,246,7.7,508.8,692.8,16.9,34.1,1.1,0,0,81,4.2,72,0,0,7,1.23,534,-7,-61,-145,-29,-1458,850.0,7,1,0,0,0,0,0
NA1_5517374898,1774149772,16.6,31.1,MissFortune,BOTTOM,0,13,11,5,1.64,223,7.16,594.8,1045.0,25.1,51.4,0.88,0,0,319,17.1,54,0,0,10,1.04,-788,-2,-797,-2767,4,-1144,0,11,4,0,0,0,0,0
NA1_5517411795,1774152217,16.6,31.0,MissFortune,BOTTOM,1,5,7,8,1.86,251,8.09,536.7,634.1,16.6,36.1,0.82,0,0,175,9.4,65,0,0,34.0,-0.18,133,6,-75,-988,-17,-892,0,17,0,0,0,0,0,0
NA1_5517718056,1774203288,16.6,43.8,MissFortune,BOTTOM,1,18,5,11,5.8,354,8.09,646.9,1615.4,37.3,78.4,0.58,0,2,244,9.3,76,1,0,124,-0.42,471,24,276,1963,33,1070,0,8,3,0,0,0,0,0
NA1_5517744261,1774206297,16.6,31.1,Caitlyn,BOTTOM,1,13,6,6,3.17,230,7.4,602.4,1178.5,27.4,48.7,0.5,1,1,207,11.1,78,0,0,46,-0.19,653,23,261,644,30,129,913.0,17,2,0,0,0,1,0
NA1_5517997418,1774228462,16.6,21.5,MissFortune,BOTTOM,0,3,4,2,1.25,166,7.71,423.7,656.2,31.2,71.4,0.89,0,0,68,5.3,66,0,0,16.8,0.35,496,-1,6,1204,2,176,0,1,0,0,0,0,1,0
NA1_5518039367,1774231121,16.6,31.9,MissFortune,BOTTOM,0,9,9,7,1.78,243,7.61,559.9,956.8,27.1,59.3,0.92,0,1,290,15.1,62,0,0,55,0.81,400,10,185,900,16,248,958.0,4,2,1,0,0,0,0
NA1_5518435792,1774296609,16.6,26.9,MissFortune,BOTTOM,1,17,4,6,5.75,213,7.92,683.0,1922.5,37.7,54.8,1.17,0,2,112,6.9,72,1,0,54,0.9,517,14,340,2009,33,1103,936.0,12,2,0,0,0,0,0
NA1_5518515509,1774306635,16.6,33.7,MissFortune,BOTTOM,0,11,9,5,1.78,243,7.21,565.5,1088.1,28.5,53.3,0.71,1,1,291,14.4,64,0,0,31,-0.46,-1197,12,-866,-993,23,-325,0,1,2,0,0,0,0,0
NA1_5518537572,1774308919,16.6,21.9,MissFortune,BOTTOM,0,4,3,5,3,170,7.77,432.3,715.4,30.5,64.3,0.62,0,0,68,5.2,62,0,0,7,-0.16,139,1,261,1003,3,597,0,3,0,0,0,0,1,0
NA1_5518558139,1774310540,16.6,30.6,MissFortune,BOTTOM,1,24,6,11,5.83,209,6.82,746.8,1703.4,37.6,72.9,1.18,1,5,173,9.4,50,1,0,11.8,0.66,805,-11,63,2010,-13,1465,0,11,3,1,1,1,0,0
NA1_5519183265,1774398898,16.6,23.1,MissFortune,BOTTOM,1,2,3,2,1.33,208,9.02,485.5,350.7,13.3,17.4,0.45,0,0,68,4.9,68,0,0,6,-0.07,-488,-1,-29,-528,-5,-246,663.0,14,0,0,0,0,0,0
NA1_5519693852,1774463836,16.6,28.1,MissFortune,BOTTOM,1,13,8,8,2.62,177,6.3,580.1,965.8,23.9,55.3,0.52,0,2,211,12.5,71,0,0,26,-0.44,1130,18,1233,887,8,558,932.0,10,2,0,0,0,0,0
NA1_5519713609,1774465964,16.6,15.5,MissFortune,BOTTOM,0,1,4,0,0.25,123,7.92,370.4,368.9,28.8,25.0,0.65,0,0,82,8.8,69,0,0,12,-0.07,411,15,3,-742,8,-511,0,0,0,0,0,0,1,0
NA1_5519720668,1774467248,16.6,18.1,Nunu,JUNGLE,0,1,7,7,1.14,106,5.86,348.4,340.8,12.0,50.0,0.89,1,0,112,10.3,0,0,0,2.8,0.11,-654,-6,-201,-1199,-17,-1028,0,0,0,0,0,0,1,0
NA1_5523714337,1774813851,16.6,23.0,MissFortune,BOTTOM,1,2,3,1,1,213,9.26,474.4,366.9,13.8,14.3,0.85,0,0,38,2.8,49,0,0,30.0,0.13,-1449,-18,-273,-1430,-10,-228,587.0,9,0,0,0,0,0,0
NA1_5523743989,1774815488,16.6,26.8,Ashe,BOTTOM,0,4,6,6,1.67,193,7.21,432.3,556.1,17.2,43.5,0.82,0,0,157,9.8,54,0,0,2,0.55,-984,-16,-80,-698,-18,-412,0,7,0,0,0,0,0,0
NA1_5523776292,1774817476,16.6,32.9,Caitlyn,BOTTOM,1,16,5,3,3.8,270,8.2,629.7,1281.8,29.9,46.3,0.52,0,3,188,9.5,72,1,1,124.2,-0.44,1129,31,1125,2305,56,2169,0,18,2,0,0,0,0,0
NA1_5524932280,1774905997,16.6,27.6,MissFortune,BOTTOM,1,7,4,6,3.25,205,7.44,531.9,681.0,19.6,34.2,0.86,0,1,158,9.6,80,0,0,12,2.2,1097,-2,293,1859,-2,700,0,17,1,0,0,0,0,0
NA1_5524968383,1774908507,16.6,19.3,MissFortune,BOTTOM,1,6,2,5,5.5,126,6.52,480.4,703.3,26.8,52.4,0.56,0,2,42,3.6,50,0,0,7,-0.29,-33,-7,-400,-237,-13,-342,798.0,8,3,0,0,0,1,0
NA1_5525007303,1774911219,16.6,41.4,MissFortune,BOTTOM,0,25,11,6,2.82,294,7.1,691.4,1683.0,32.0,73.8,1.06,2,3,419,16.9,59,0,1,24,0.38,2283,15,1017,1795,17,211,887.0,13,6,0,0,0,0,0
NA1_5525048682,1774914037,16.6,32.6,Brand,UTILITY,1,5,6,18,3.83,57,1.75,388.3,633.5,15.5,47.9,3.19,5,0,151,7.7,11,1,1,34,0.15,2011,-3,950,2782,0,1439,563.0,14,0,0,0,0,0,0
NA1_5525894513,1774980086,16.6,26.8,MissFortune,BOTTOM,1,11,2,8,9.5,232,8.65,582.3,961.1,25.0,50.0,0.74,1,0,20,1.2,60,1,1,46.0,0.35,-99,14,286,1290,33,1013,748.0,11,1,0,0,0,0,0
NA1_5527116975,1775083807,16.7,28.0,Swain,MIDDLE,1,6,6,9,2.5,190,6.79,385.7,981.8,16.3,48.4,0.66,0,0,164,9.8,63,0,0,2,-0.33,-201,-15,-789,-378,-21,-1451,989.0,11,1,1,0,0,0,0
NA1_5527165180,1775086764,16.7,29.8,MissFortune,BOTTOM,1,10,6,10,3.33,228,7.66,593.2,958.9,26.3,50.0,0.48,0,2,131,7.3,68,0,0,27,-0.25,1120,15,418,939,16,376,0,24,1,1,1,0,0,0
NA1_5527217491,1775089904,16.7,31.8,MissFortune,BOTTOM,1,5,2,9,7,293,9.21,542.5,680.9,21.0,48.3,0.55,1,0,62,3.2,62,1,0,57,-0.3,811,10,708,1787,15,1327,1133.0,10,0,0,0,0,0,0
NA1_5533884377,1775607847,16.7,29.0,MissFortune,BOTTOM,0,1,8,0,0.12,182,6.27,353.4,321.9,11.6,6.7,0.6,0,0,224,12.9,68,0,0,12,-0.08,-77,-5,-191,102,-1,-208,962.0,3,0,0,0,0,1,0
NA1_5533929053,1775609881,16.7,36.9,MissFortune,BOTTOM,0,4,10,8,1.2,261,7.08,429.2,526.1,17.3,36.4,0.78,1,0,307,13.9,59,0,0,42,-0.18,-238,18,-418,-328,9,-1028,1010.0,4,0,0,0,0,0,0
NA1_5534821711,1775669343,16.7,25.6,Sivir,BOTTOM,0,4,6,4,1.33,189,7.37,473.9,641.2,25.0,47.1,0.46,0,0,138,9.0,59,0,0,12,-0.6,147,-7,62,-243,-4,369,0,1,0,0,0,0,0,0
NA1_5534854187,1775671147,16.7,24.8,MissFortune,BOTTOM,0,4,6,5,1.5,199,8.02,422.2,580.2,23.7,52.9,0.81,0,0,143,9.6,68,0,0,37,-0.12,780,10,-435,262,8,-450,0,3,0,0,0,0,0,0
NA1_5534883651,1775673237,16.7,37.0,MissFortune,BOTTOM,1,9,8,13,2.75,279,7.54,553.6,812.2,22.2,57.9,0.99,0,0,264,11.9,53,0,0,23,0.19,769,5,388,806,7,99,0,10,2,0,0,0,0,0
NA1_5534932993,1775676062,16.7,22.2,MissFortune,BOTTOM,0,2,6,3,0.83,175,7.87,411.4,533.0,19.8,38.5,0.66,0,0,119,8.9,62,0,0,7,0.08,-45,8,-277,550,14,-203,0,2,0,0,0,0,1,0
NA1_5538269501,1775929274,16.7,45.9,Caitlyn,BOTTOM,1,10,8,14,3,298,6.5,510.0,902.4,24.0,49.0,0.75,1,2,311,11.3,63,0,0,0,-0.34,-71,-14,587,-1460,-34,-868,768.0,12,0,0,0,0,0,0
NA1_5539956278,1776147451,16.7,28.7,MissFortune,BOTTOM,0,7,5,2,1.8,243,8.47,525.1,796.7,29.5,50.0,1.0,1,1,115,6.7,60,0,0,35.2,0.53,1030,8,11,1421,-1,-269,0,7,1,0,0,0,0,0
NA1_5541734479,1776398660,16.8,28.0,MissFortune,BOTTOM,1,3,5,2,1,222,7.92,456.6,706.5,20.0,18.5,0.75,0,0,119,7.1,58,0,0,35,0.67,-222,-8,-202,-172,-7,-273,752.0,11,1,0,0,0,0,0
NA1_5541774739,1776401469,16.8,29.6,Caitlyn,BOTTOM,0,4,8,7,1.38,241,8.13,508.5,1079.0,30.4,52.4,0.54,1,0,252,14.2,78,0,1,76.0,-0.16,778,31,1090,1122,31,774,0,6,0,0,0,0,0,0
NA1_5541799874,1776403640,16.8,33.1,Brand,UTILITY,1,4,5,21,5,41,1.24,339.2,852.9,19.6,65.8,3.13,8,0,176,8.9,10,1,1,17,0.51,954,-5,609,1292,-2,1083,0,6,1,0,0,0,0,0
NA1_5542093116,1776459236,16.8,19.2,MissFortune,BOTTOM,1,1,0,4,5,162,8.44,438.0,527.7,18.5,27.8,0.76,0,0,0,0.0,74,0,0,27,-0.01,73,17,624,567,14,545,844.0,9,0,0,0,0,1,0
NA1_5542105110,1776460740,16.8,37.8,MissFortune,BOTTOM,1,4,7,8,1.71,260,6.88,432.0,573.9,14.7,24.5,0.6,1,0,248,10.9,63,0,0,17,0.44,-754,-10,-181,-755,-20,-416,0,9,0,0,0,0,0,0
NA1_5544625951,1776746388,16.8,29.8,Caitlyn,MIDDLE,1,10,4,2,3,243,8.15,493.0,822.6,19.0,30.0,0.73,0,0,168,9.4,87,0,0,57.0,0.01,595,30,432,-429,35,-175,767.0,9,2,1,1,1,0,0
NA1_5544650480,1776748638,16.8,25.4,MissFortune,BOTTOM,1,16,3,12,9.33,228,8.96,734.3,1223.9,30.8,68.3,0.99,1,1,78,5.1,75,1,0,80,0.82,1452,17,379,4590,36,2072,800.0,7,3,0,0,0,1,0
NA1_5545347502,1776843604,16.8,37.2,Sivir,BOTTOM,1,9,3,17,8.67,276,7.43,532.5,1209.3,23.9,55.3,0.89,1,0,69,3.1,46,0,0,36,-0.23,-524,-7,375,101,-6,558,0,17,2,0,0,0,0,0
NA1_5545835720,1776917978,16.8,38.5,Caitlyn,BOTTOM,1,7,6,10,2.83,290,7.54,490.4,1080.6,22.4,37.8,0.79,1,0,258,11.2,62,1,0,31.0,1.15,720,14,673,952,19,1000,0,13,1,0,0,0,0,0
NA1_5545866644,1776920589,16.8,37.5,Caitlyn,BOTTOM,1,7,9,18,2.78,298,7.95,531.7,747.8,17.2,59.5,0.71,1,0,268,11.9,54,0,0,22.0,-0.29,-573,-20,-215,-1241,-23,-739,0,10,1,0,0,0,0,0
NA1_5546059209,1776965857,16.8,32.2,Caitlyn,BOTTOM,0,3,7,5,1.14,289,8.98,487.9,741.6,19.1,36.4,0.53,0,0,221,11.5,79,0,0,30,0.1,699,13,264,-315,9,-555,1023.0,5,1,0,0,0,0,0
NA1_5546071568,1776968038,16.8,33.0,Caitlyn,BOTTOM,1,8,6,12,3.33,232,7.03,475.4,895.0,23.4,48.8,0.61,0,1,151,7.6,53,0,0,9.6,0.19,-892,-16,-621,-941,-14,-1000,739.0,7,1,0,0,0,0,0
NA1_5546086444,1776970422,16.8,28.4,MissFortune,BOTTOM,1,7,3,11,6,224,7.88,530.9,789.7,25.5,50.0,0.87,0,0,44,2.6,51,0,0,9,-0.05,-237,-19,-247,648,-16,1159,960.0,14,1,0,0,0,0,0
NA1_5546447173,1777004779,16.8,30.9,MissFortune,BOTTOM,0,8,10,7,1.5,226,7.32,514.9,859.2,22.4,38.5,0.56,0,0,250,13.5,52,0,0,20.0,-0.1,-2333,-26,-252,-2829,-39,-694,0,5,0,0,0,0,0,0
NA1_5546822581,1777071755,16.8,39.4,MissFortune,BOTTOM,0,7,10,18,2.5,263,6.68,476.6,838.4,17.8,48.1,0.77,2,3,325,13.8,53,0,0,4.8,0.4,-159,-6,457,383,-5,447,0,2,0,0,0,0,0,0
NA1_5546850812,1777074399,16.8,1.3,Ashe,BOTTOM,1,0,0,0,0,3,2.28,447.1,47.0,12.2,0,0.27,0,0,0,0.0,3,0,0,0,0,,,,,,,0,0,0,0,0,0,0,1
NA1_5546863235,1777075737,16.8,29.4,Jhin,BOTTOM,1,13,1,10,23,239,8.12,582.7,863.2,20.9,62.2,0.99,2,0,28,1.6,67,0,0,56,3.53,1561,25,162,2358,43,689,855.0,14,1,1,0,0,0,0
NA1_5546895718,1777078956,16.8,28.6,Brand,MIDDLE,1,4,6,4,1.33,210,7.35,364.8,817.5,20.4,21.1,0.76,0,1,200,11.7,66,0,0,35,1.17,-827,-9,28,-241,2,576,831.0,5,0,0,0,0,0,0
NA1_5547034649,1777089094,16.8,36.1,Caitlyn,BOTTOM,1,7,4,12,4.75,230,6.38,440.5,1232.0,19.3,39.6,0.56,1,0,152,7.0,69,0,0,25,-0.34,-228,12,887,945,11,1134,855.0,8,2,0,0,0,0,0
NA1_5547348446,1777140428,16.8,16.9,Caitlyn,BOTTOM,0,0,2,2,1,119,7.06,324.1,456.4,18.6,28.6,0.43,0,0,50,4.9,60,0,0,12,-0.61,137,3,203,-731,3,69,0,0,0,0,0,0,1,0
NA1_5547381801,1777144279,16.8,21.9,MissFortune,BOTTOM,0,1,6,5,1,160,7.29,405.1,505.7,17.4,50.0,0.93,0,0,131,10.0,52,0,0,5,1.35,-139,-11,-671,-917,-11,-1248,0,1,0,0,0,0,1,0
NA1_5547402972,1777146687,16.8,29.8,MissFortune,BOTTOM,0,5,7,6,1.57,214,7.19,428.7,798.7,29.5,78.6,0.64,0,0,150,8.4,48,0,0,3,-0.35,-754,-26,-132,-29,-15,316,0,4,1,1,0,0,0,0
NA1_5547581338,1777164552,16.8,33.2,Caitlyn,BOTTOM,1,4,3,11,5,276,8.32,531.1,907.3,18.6,33.3,0.85,0,0,93,4.7,74,0,0,51,0.44,935,9,303,2267,29,937,822.0,19,0,0,0,0,0,0
NA1_5547610222,1777166909,16.8,31.6,MissFortune,BOTTOM,0,15,7,9,3.43,281,8.89,665.0,1346.1,29.6,61.5,0.52,1,1,224,11.8,75,0,0,118.4,-0.21,421,-2,195,454,12,49,0,2,2,1,0,0,0,0
NA1_5548740004,1777316144,16.8,21.5,Lux,MIDDLE,1,5,3,10,5,141,6.55,410.4,876.2,23.1,53.6,0.72,0,0,103,8.0,68,0,0,24,0.76,-14,1,6,28,18,447,751.0,8,1,0,0,0,0,0
NA1_5548751272,1777317881,16.8,36.9,Caitlyn,BOTTOM,0,6,7,7,1.86,238,6.45,437.7,505.0,15.2,36.1,0.68,0,0,213,9.6,49,0,0,0,0.04,-1634,-31,-1241,-2707,-45,-1346,775.0,5,1,0,0,0,0,0
NA1_5549167699,1777355351,16.8,36.0,MissFortune,BOTTOM,0,12,5,7,3.8,281,7.8,529.5,1315.9,38.5,59.4,0.76,0,2,171,7.9,70,0,0,44,0.64,522,3,121,1379,7,889,0,10,1,0,0,0,0,0
NA1_5549397731,1777408712,16.8,27.1,MissFortune,BOTTOM,1,15,4,10,6.25,209,7.7,585.0,1331.2,24.6,46.3,0.54,0,1,129,7.9,75,1,0,54,0.77,843,17,153,2659,39,1655,873.0,12,2,0,0,0,0,0
NA1_5549415089,1777410702,16.8,36.6,MissFortune,BOTTOM,0,5,4,9,3.5,259,7.07,427.8,691.3,17.5,50.0,0.8,0,1,190,8.6,54,0,0,12.2,0.05,-21,-4,-215,-38,-1,-53,0,1,0,0,0,0,0,0
NA1_5549517603,1777421701,16.8,31.6,Garen,TOP,1,4,7,4,1.14,203,6.43,372.2,363.6,9.0,17.8,0.75,1,1,222,11.7,56,0,0,7,0.05,-1278,-33,-1217,-1467,-58,-2493,830.0,7,0,0,0,0,0,0
NA1_5550617662,1777574466,16.9,30.2,Swain,MIDDLE,1,4,4,7,2.75,230,7.62,397.8,545.3,12.1,26.2,0.6,0,0,174,9.6,92,0,0,12,-0.01,475,5,-114,160,3,-373,973.0,11,0,0,0,0,0,0
NA1_5580934063,1781374436,16.12,36.0,MissFortune,BOTTOM,1,8,6,10,3,224,6.21,462.9,809.2,17.8,43.9,0.77,1,1,179,8.3,55,0,0,3,-0.42,-543,-13,530,-36,-27,764,989.0,10,0,0,0,0,1,0
NA1_5581311497,1781408711,16.12,26.4,MissFortune,BOTTOM,0,4,5,3,1.4,200,7.59,400.7,613.9,26.9,46.7,0.89,0,1,135,8.5,56,0,0,42,0.21,46,6,-10,-346,0,-826,0,1,1,0,0,0,0,0
NA1_5581338714,1781410683,16.12,31.9,Caitlyn,BOTTOM,1,3,9,10,1.44,219,6.87,424.3,855.3,15.3,30.2,0.59,0,0,245,12.8,49,0,0,0,-0.6,-1355,-35,-967,-957,-30,-364,0,11,0,0,0,0,0,0
NA1_5581566577,1781447232,16.12,29.6,Caitlyn,BOTTOM,1,27,3,18,15,199,6.73,681.2,1999.8,40.1,76.3,0.57,0,3,100,5.6,58,1,1,21,-0.36,1875,6,1459,3571,6,1885,796.0,16,8,1,0,0,1,0
NA1_5581843324,1781477973,16.12,29.0,MissFortune,BOTTOM,0,5,7,5,1.43,224,7.72,443.4,892.5,23.8,35.7,0.55,0,0,203,11.7,75,0,1,32,-0.37,553,18,536,1373,16,515,825.0,6,0,0,0,0,0,0
NA1_5581868550,1781480000,16.12,23.8,Sivir,BOTTOM,0,6,6,6,2,154,6.46,440.0,584.6,17.8,44.4,0.57,0,0,131,9.2,44,0,0,0,0.02,109,-13,-429,515,-14,-369,0,2,1,0,0,0,0,0
NA1_5581896478,1781482086,16.12,27.4,Caitlyn,BOTTOM,1,3,5,1,0.8,210,7.66,433.9,555.5,17.3,15.4,0.63,0,0,148,9.0,70,0,0,40,0.33,274,7,18,286,10,212,961.0,9,0,0,0,0,0,0
NA1_5582373889,1781548696,16.12,23.9,Ashe,BOTTOM,1,13,3,6,6.33,186,7.78,595.1,1479.2,33.7,59.4,0.49,0,3,70,4.9,74,0,0,39,0.29,1134,7,157,2795,14,907,997.0,13,2,0,0,0,0,0
NA1_5582385174,1781550698,16.12,20.6,Caitlyn,BOTTOM,0,2,4,5,1.75,173,8.39,452.2,546.0,21.6,41.2,0.7,1,2,64,5.2,83,0,0,28,0.05,858,27,679,-666,10,-646,0,3,1,0,0,0,0,0
NA1_5584513044,1781830877,16.12,16.5,Brand,BOTTOM,1,4,7,7,1.57,75,4.55,377.7,498.1,15.7,36.7,0.76,1,0,95,9.6,40,0,0,1,0.31,-1613,-29,-1261,-1713,-24,-1387,614.0,2,1,0,0,0,1,0
NA1_5584530796,1781832226,16.12,38.7,Lux,MIDDLE,0,6,8,13,2.38,255,6.59,406.6,1145.0,24.0,51.4,0.72,0,2,294,12.7,73,0,0,52.2,-0.11,-131,9,1342,208,21,2143,0,11,0,0,0,0,0,0
NA1_5584569440,1781835260,16.12,30.8,Caitlyn,BOTTOM,1,2,3,10,4,249,8.1,442.9,723.9,18.1,33.3,0.95,1,0,64,3.5,72,0,0,11,1.61,-20,-2,-218,343,-6,29,962.0,12,0,0,0,0,1,0
NA1_5584614975,1781838269,16.12,26.3,Caitlyn,BOTTOM,1,2,3,10,4,225,8.55,463.8,735.5,22.3,44.4,0.99,0,1,73,4.6,77,0,0,34,0.42,887,23,473,-23,9,-164,888.0,7,0,0,0,0,0,0
NA1_5584661942,1781841377,16.12,36.8,Caitlyn,BOTTOM,0,7,10,11,1.8,305,8.3,472.8,856.6,21.4,45.0,1.17,1,0,330,15.0,65,0,0,76,0.49,1048,5,317,1257,15,443,0,5,1,0,0,0,0,0
NA1_5584965632,1781895255,16.12,37.6,Brand,MIDDLE,0,1,9,7,0.89,232,6.17,308.0,672.5,19.6,33.3,0.94,2,0,293,13.0,74,0,0,2,-0.27,-864,-13,-202,-1562,-12,-40,826.0,3,0,0,0,0,0,0
NA1_5584985431,1781897832,16.12,1.2,Ashe,BOTTOM,1,0,0,0,0,0,0.0,440.7,54.7,16.2,0,0.32,0,0,0,0.0,0,0,0,0,0,,,,,,,0,0,0,0,0,0,0,1
NA1_5584988325,1781898426,16.12,25.1,Varus,TOP,0,5,7,0,0.71,198,7.9,384.4,613.7,35.2,55.6,0.83,0,5,263,17.5,77,0,1,23,-0.06,782,8,770,135,0,-129,0,4,1,0,0,0,1,0
NA1_5585007819,1781900621,16.12,24.7,Caitlyn,BOTTOM,0,8,9,1,1,178,7.21,440.2,892.2,31.7,64.3,0.65,1,0,169,11.4,56,0,0,16,0.02,730,13,269,118,14,59,815.0,3,1,0,0,0,0,0
NA1_5585702109,1781988155,16.12,42.4,Ashe,BOTTOM,0,4,10,13,1.7,325,7.67,459.3,730.1,12.7,32.7,1.37,1,0,278,10.9,67,0,0,97.6,0.57,-1360,-1,81,-1883,-23,-487,0,7,0,0,0,0,0,0
NA1_5585731268,1781991289,16.12,31.2,MissFortune,BOTTOM,1,20,2,5,12.5,308,9.86,681.6,1726.1,41.9,59.5,1.07,1,0,92,4.9,74,0,0,100.0,0.3,1949,12,239,3691,38,363,737.0,21,3,0,0,0,0,0
NA1_5585753926,1781993425,16.12,29.9,MissFortune,BOTTOM,1,13,5,6,3.8,253,8.46,578.2,1243.3,32.6,67.9,0.61,0,0,153,8.5,71,0,0,53,0.06,606,18,-109,1765,21,263,0,13,2,1,0,0,0,0
NA1_5585969252,1782010970,16.12,31.5,MissFortune,BOTTOM,1,19,6,5,4,261,8.28,616.0,1216.2,32.4,60.0,0.7,0,1,206,10.9,77,1,1,62,-0.0,1548,30,1580,2212,33,1514,647.0,15,5,2,1,1,0,0
NA1_5586002060,1782013233,16.12,33.2,MissFortune,BOTTOM,1,15,4,9,6,249,7.51,549.0,1300.7,28.4,49.0,1.16,1,1,150,7.5,60,0,0,16,0.6,788,-11,255,1222,-8,143,721.0,12,3,1,0,0,0,0
NA1_5586252364,1782054382,16.12,24.1,MissFortune,BOTTOM,1,10,3,12,7.33,208,8.63,585.1,786.4,24.4,55.0,0.75,1,0,71,4.9,68,0,0,16,-0.34,1129,7,65,1483,9,374,913.0,18,1,0,0,0,0,0
NA1_5586261725,1782056325,16.12,19.3,MissFortune,BOTTOM,0,0,4,2,0.5,128,6.62,336.1,491.3,18.9,20.0,0.63,0,0,114,9.8,63,0,0,32,0.05,-487,18,-679,-959,26,-489,0,2,0,0,0,0,1,0
NA1_5586398478,1782074180,16.12,1.2,MissFortune,BOTTOM,0,0,0,0,0,0,0.0,424.0,0,0,0,0,0,0,0,0.0,0,0,0,0,0,,,,,,,0,0,0,0,0,0,0,1
NA1_5586402218,1782074537,16.12,1.1,Brand,MIDDLE,0,0,0,0,0,1,0.87,457.2,187.3,34.8,0,0,0,0,0,0.0,1,0,0,0,0,,,,,,,0,0,0,0,0,0,0,1
NA1_5586992401,1782151203,16.12,34.9,MissFortune,BOTTOM,1,9,7,11,2.86,283,8.11,514.3,893.3,18.7,41.7,0.94,1,2,206,9.8,64,0,0,44.8,3.18,0,-5,-153,351,-2,-174,0,5,0,0,0,0,0,0
NA1_5587009311,1782153809,16.12,26.3,MissFortune,BOTTOM,0,5,10,3,0.8,176,6.68,465.3,718.5,25.3,47.1,0.42,0,0,255,16.1,63,0,0,3,-0.19,-623,-6,-609,-2168,-19,-1802,0,1,0,0,0,0,0,0
NA1_5587023178,1782155729,16.12,31.7,Ashe,BOTTOM,1,10,6,16,4.33,236,7.45,518.9,760.0,19.5,56.5,0.9,0,1,216,11.4,69,1,1,30,0.73,931,5,659,1493,8,1048,755.0,7,2,0,0,0,0,0
NA1_5587386362,1782187631,16.12,23.4,MissFortune,BOTTOM,1,4,2,7,5.5,200,8.55,513.6,620.3,18.7,44.0,0.51,2,0,16,1.1,69,0,0,32,-0.3,-569,-18,265,683,-7,830,790.0,8,0,0,0,0,0,0
NA1_5587676279,1782244748,16.12,39.1,MissFortune,BOTTOM,0,6,8,7,1.62,322,8.24,508.8,975.4,22.4,38.2,0.79,0,3,279,11.9,64,1,1,60.8,-0.08,1396,31,564,2794,42,891,792.0,8,0,0,0,0,0,0
NA1_5588153353,1782318989,16.13,29.0,MissFortune,BOTTOM,0,7,6,7,2.33,225,7.75,471.0,813.5,23.2,45.2,0.9,2,0,230,13.2,63,0,0,67.0,0.91,-295,2,601,413,11,1543,1113.0,4,1,0,0,0,0,0
NA1_5588164611,1782321112,16.13,1.3,MissFortune,BOTTOM,1,0,0,0,0,1,0.77,421.1,116.5,17.6,0,0.28,0,0,0,0.0,1,0,0,0,0,,,,,,,0,0,0,0,0,0,0,1
NA1_5588171081,1782321533,16.13,29.0,Sivir,BOTTOM,1,5,4,7,3,273,9.42,531.2,858.7,19.1,54.5,0.74,0,0,95,5.5,67,0,0,25,-0.19,-16,15,-526,-48,7,-805,0,14,1,0,0,0,0,0
NA1_5588193635,1782325600,16.13,23.6,MissFortune,BOTTOM,0,12,8,9,2.62,176,7.46,609.2,1543.7,31.2,63.6,0.64,0,2,226,16.0,58,0,0,41.6,-0.24,-131,2,-320,850,8,-156,0,4,0,0,0,0,0,0
NA1_5588212354,1782327413,16.13,36.3,Nautilus,UTILITY,0,2,8,9,1.38,38,1.05,250.4,177.1,5.8,44.0,2.94,7,0,273,12.5,19,0,0,6,0.09,252,4,-23,402,4,53,0,1,0,0,0,0,0,0
NA1_5588321140,1782338617,16.13,35.8,MissFortune,BOTTOM,0,11,9,10,2.33,223,6.23,510.7,1243.9,25.9,48.8,0.88,1,0,284,13.2,58,0,0,9,0.42,691,-6,706,971,2,1307,0,17,2,1,0,0,0,0
NA1_5588566435,1782356410,16.13,25.8,MissFortune,BOTTOM,0,6,6,6,2,183,7.09,416.9,540.8,18.7,42.9,0.76,1,1,169,10.9,59,0,0,23,0.01,-8,-11,230,508,1,733,866.0,3,0,0,0,0,0,0
NA1_5588598820,1782358183,16.13,24.0,MissFortune,BOTTOM,1,8,1,9,17,192,7.99,551.4,1058.4,26.5,50.0,0.64,1,0,20,1.4,70,1,0,44,-0.26,823,24,245,1777,39,859,847.0,10,1,0,0,0,0,0
NA1_5588638248,1782360738,16.13,29.7,MissFortune,BOTTOM,1,14,5,10,4.8,270,9.1,631.6,1247.1,26.4,52.2,0.45,0,1,115,6.5,51,1,0,105,-0.12,767,10,404,1851,32,1211,1034.0,17,3,0,0,0,0,0
NA1_5588843830,1782398351,16.13,32.7,MissFortune,BOTTOM,0,3,9,7,1.11,265,8.11,425.6,807.0,17.2,32.3,0.7,1,1,341,17.4,67,0,0,68.0,0.53,184,30,72,691,51,646,0,2,0,0,0,0,0,0
NA1_5588897251,1782409407,16.13,26.1,MissFortune,BOTTOM,1,14,2,8,11,225,8.63,637.2,1318.9,26.4,73.3,0.94,0,0,34,2.2,54,0,0,4,0.71,-1588,-28,-456,321,-22,478,847.0,15,3,0,0,0,0,0
NA1_5588908508,1782411244,16.13,33.6,MissFortune,BOTTOM,0,10,12,9,1.58,224,6.66,515.7,1280.8,30.4,48.7,0.53,0,1,311,15.4,68,0,0,8,-0.52,-1615,-14,-376,-1423,-13,-1089,1004.0,1,1,0,0,0,0,0
NA1_5588921733,1782413610,16.13,27.4,MissFortune,BOTTOM,1,7,5,10,3.4,229,8.34,566.3,1117.2,25.5,47.2,0.49,0,0,120,7.3,71,0,0,74,-0.36,-491,5,37,-569,15,199,774.0,15,0,0,0,0,0,0
